{"stat.chestOpened":12,"stat.pickup.minecraft.bone":2,"stat.craftItem.minecraft.ladder":114,"stat.leaveGame":1,"stat.pickup.minecraft.arrow":4,"stat.mineBlock.minecraft.cobblestone":2,"stat.pickup.minecraft.stone_pickaxe":1,"stat.useItem.minecraft.chicken":1,"stat.pickup.minecraft.stone_axe":1,"stat.mineBlock.minecraft.yellow_flower":3,"stat.craftItem.minecraft.coal":1,"stat.useItem.minecraft.rotten_flesh":3,"stat.swimOneCm":3127,"stat.jump":813,"stat.pickup.minecraft.coal":111,"stat.climbOneCm":34580,"stat.fallOneCm":11285,"stat.pickup.minecraft.carrot":10,"stat.useItem.minecraft.stone_axe":122,"stat.pickup.minecraft.porkchop":6,"stat.crouchOneCm":18917,"stat.craftItem.minecraft.torch":16,"stat.craftItem.minecraft.iron_ingot":27,"stat.pickup.minecraft.dirt":282,"stat.useItem.minecraft.dirt":266,"stat.useItem.minecraft.cooked_chicken":1,"stat.craftingTableInteraction":18,"stat.pickup.minecraft.iron_ore":43,"stat.pickup.minecraft.rotten_flesh":5,"stat.craftItem.minecraft.furnace":1,"stat.useItem.minecraft.egg":17,"stat.craftItem.minecraft.stone_axe":1,"stat.mineBlock.minecraft.stone_stairs":5,"stat.pickup.minecraft.wooden_pickaxe":1,"stat.damageTaken":571,"stat.pickup.minecraft.feather":24,"stat.craftItem.minecraft.stone_pickaxe":3,"stat.mineBlock.minecraft.torch":6,"stat.useItem.minecraft.furnace":1,"stat.useItem.minecraft.wooden_pickaxe":60,"stat.pickup.minecraft.cobblestone":331,"stat.pickup.minecraft.planks":3,"stat.mineBlock.minecraft.clay":1,"stat.useItem.minecraft.stone_shovel":280,"stat.pickup.minecraft.iron_leggings":1,"stat.flyOneCm":38915,"stat.craftItem.minecraft.iron_shovel":1,"stat.pickup.minecraft.wheat_seeds":29,"stat.pickup.minecraft.potato":11,"stat.useItem.minecraft.stone_pickaxe":398,"stat.useItem.minecraft.stone_sword":14,"stat.damageDealt":853,"stat.mineBlock.minecraft.iron_ore":43,"stat.sleepInBed":1,"stat.timeSinceDeath":41268,"stat.useItem.minecraft.crafting_table":2,"stat.mineBlock.minecraft.dirt":253,"stat.useItem.minecraft.iron_pickaxe":28,"stat.craftItem.minecraft.wooden_pickaxe":1,"stat.killEntity.Pig":1,"stat.useItem.minecraft.iron_shovel":62,"stat.craftItem.minecraft.stone_shovel":3,"stat.walkOneCm":318601,"stat.useItem.minecraft.torch":20,"stat.useItem.minecraft.potato":11,"stat.pickup.minecraft.stick":3,"stat.drop.minecraft.porkchop":3,"stat.craftItem.minecraft.stone_stairs":20,"stat.useItem.minecraft.log":10,"stat.pickup.minecraft.clay_ball":4,"stat.useItem.minecraft.cobblestone":174,"stat.furnaceInteraction":9,"stat.craftItem.minecraft.crafting_table":2,"stat.mineBlock.minecraft.coal_ore":111,"stat.breakItem.minecraft.stone_pickaxe":3,"stat.talkedToVillager":4,"stat.pickup.minecraft.log":87,"stat.pickup.minecraft.stone":41,"stat.pickup.minecraft.chicken":18,"stat.pickup.minecraft.sapling":12,"stat.sprintOneCm":109362,"stat.pickup.minecraft.iron_chestplate":1,"stat.pickup.minecraft.apple":1,"stat.useItem.minecraft.stone_stairs":19,"stat.craftItem.minecraft.stick":296,"stat.breakItem.minecraft.stone_shovel":2,"stat.craftItem.minecraft.planks":160,"stat.pickup.minecraft.stone_stairs":13,"stat.craftItem.minecraft.stone":4,"stat.killEntity.Chicken":12,"stat.useItem.minecraft.carrot":3,"stat.mobKills":15,"stat.mineBlock.minecraft.log":82,"stat.entityKilledBy.Creeper":1,"stat.deaths":1,"stat.drop":3,"stat.pickup.minecraft.egg":17,"stat.mineBlock.minecraft.leaves":43,"stat.playOneMinute":91590,"stat.pickup.minecraft.torch":6,"stat.useItem.minecraft.ladder":108,"stat.sneakTime":3953,"stat.craftItem.minecraft.iron_pickaxe":1,"stat.craftItem.minecraft.coal_block":9,"stat.killEntity.Zombie":1,"stat.craftItem.minecraft.dye":6,"stat.pickup.minecraft.yellow_flower":11,"stat.mineBlock.minecraft.stone":297,"stat.mineBlock.minecraft.tallgrass":21,"stat.diveOneCm":712,"stat.pickup.minecraft.wheat":5,"stat.breakItem.minecraft.wooden_pickaxe":1}