{"stat.chestOpened":18,"stat.craftItem.minecraft.iron_block":5,"stat.useItem.minecraft.bow":11,"stat.walkOneCm":194456,"stat.pickup.minecraft.armor_stand":1,"stat.useItem.minecraft.torch":9,"stat.useItem.minecraft.stone":2,"stat.useItem.minecraft.potato":4,"stat.craftItem.minecraft.redstone_block":9,"stat.useItem.minecraft.iron_axe":10,"stat.leaveGame":1,"stat.useItem.minecraft.cobblestone":69,"stat.furnaceInteraction":9,"stat.useItem.minecraft.cooked_porkchop":2,"stat.mineBlock.minecraft.double_plant":1,"stat.breakItem.minecraft.stone_pickaxe":1,"stat.useItem.minecraft.armor_stand":1,"stat.killEntity.Creeper":2,"stat.pickup.minecraft.log":3,"stat.pickup.minecraft.string":2,"stat.jump":601,"stat.swimOneCm":880,"stat.pickup.minecraft.iron_helmet":1,"stat.fallOneCm":5499,"stat.climbOneCm":17296,"stat.craftItem.minecraft.gold_block":2,"stat.craftItem.minecraft.gold_ingot":19,"stat.pickup.minecraft.stone":3,"stat.pickup.minecraft.gunpowder":2,"stat.crouchOneCm":11411,"stat.pickup.minecraft.spider_eye":1,"stat.craftItem.minecraft.iron_ingot":15,"stat.pickup.minecraft.sapling":6,"stat.pickup.minecraft.dirt":7,"stat.sprintOneCm":58199,"stat.pickup.minecraft.iron_chestplate":1,"stat.pickup.minecraft.iron_boots":1,"stat.useItem.minecraft.cooked_chicken":3,"stat.craftingTableInteraction":6,"stat.pickup.minecraft.iron_ore":7,"stat.pickup.minecraft.gold_ore":12,"stat.useItem.minecraft.sapling":1,"stat.craftItem.minecraft.gold_nugget":9,"stat.useItem.minecraft.egg":16,"stat.useItem.minecraft.wheat_seeds":3,"stat.damageTaken":130,"stat.killEntity.Spider":1,"stat.mineBlock.minecraft.torch":6,"stat.pickup.minecraft.cobblestone":52,"stat.mineBlock.minecraft.sapling":1,"stat.mobKills":4,"stat.mineBlock.minecraft.log":3,"stat.pickup.minecraft.iron_leggings":1,"stat.flyOneCm":54581,"stat.pickup.minecraft.egg":19,"stat.pickup.minecraft.potato":4,"stat.playOneMinute":35516,"stat.pickup.minecraft.torch":6,"stat.useItem.minecraft.stone_pickaxe":54,"stat.sneakTime":2302,"stat.damageDealt":490,"stat.mineBlock.minecraft.iron_ore":7,"stat.killEntity.Zombie":1,"stat.sleepInBed":1,"stat.timeSinceDeath":35516,"stat.useItem.minecraft.iron_pickaxe":39,"stat.mineBlock.minecraft.dirt":10,"stat.mineBlock.minecraft.stone":69,"stat.mineBlock.minecraft.gold_ore":12,"stat.mineBlock.minecraft.tallgrass":1}