{"stat.useItem.minecraft.bow":5,"stat.pickup.minecraft.wooden_slab":49,"stat.leaveGame":12,"stat.useItem.minecraft.planks":51,"stat.pickup.minecraft.glass":31,"stat.mineBlock.minecraft.red_mushroom":7,"stat.useItem.minecraft.water_bucket":42,"stat.pickup.minecraft.rotten_flesh":18,"stat.craftItem.minecraft.stone_axe":4,"stat.pickup.minecraft.cobblestone_wall":1,"stat.craftItem.minecraft.noteblock":1,"stat.mineBlock.minecraft.wooden_slab":48,"stat.craftItem.minecraft.cobblestone_wall":18,"stat.useItem.minecraft.brown_mushroom":3,"stat.pickup.minecraft.brown_mushroom":6,"stat.craftItem.minecraft.wooden_hoe":2,"stat.useItem.minecraft.iron_pickaxe":544,"stat.craftItem.minecraft.bed":1,"stat.craftItem.minecraft.glass_pane":32,"stat.useItem.minecraft.oak_stairs":9,"stat.furnaceInteraction":60,"stat.noteblockPlayed":11,"stat.pickup.minecraft.furnace":1,"stat.useItem.minecraft.cooked_mutton":1,"stat.useItem.minecraft.redstone":8,"stat.useItem.minecraft.fence":16,"stat.mineBlock.minecraft.fence":22,"stat.useItem.minecraft.wheat_seeds":62,"stat.mineBlock.minecraft.oak_stairs":9,"stat.deaths":1,"stat.pickup.minecraft.egg":224,"stat.playOneMinute":428383,"stat.craftItem.minecraft.iron_pickaxe":2,"stat.useItem.minecraft.shears":130,"stat.mineBlock.minecraft.tallgrass":124,"stat.craftItem.minecraft.cooked_mutton":5,"stat.breakItem.minecraft.golden_pickaxe":1,"stat.chestOpened":197,"stat.pickup.minecraft.spruce_door":3,"stat.useItem.minecraft.stone":81,"stat.pickup.minecraft.arrow":5,"stat.pickup.minecraft.wooden_pressure_plate":3,"stat.useItem.minecraft.clay":1,"stat.craftItem.minecraft.coal":42,"stat.pickup.minecraft.cooked_chicken":19,"stat.fallOneCm":30021,"stat.crouchOneCm":45822,"stat.mineBlock.minecraft.chest":2,"stat.craftItem.minecraft.chest":6,"stat.craftItem.minecraft.iron_ingot":116,"stat.pickup.minecraft.red_mushroom":7,"stat.craftingTableInteraction":95,"stat.mineBlock.minecraft.wooden_pressure_plate":2,"stat.pickup.minecraft.feather":9,"stat.useItem.minecraft.furnace":2,"stat.pickup.minecraft.dye":127,"stat.pickup.minecraft.planks":68,"stat.pickup.minecraft.wheat_seeds":76,"stat.mineBlock.minecraft.gravel":32,"stat.breakItem.minecraft.stone_axe":2,"stat.useItem.minecraft.stone_pickaxe":2574,"stat.craftItem.minecraft.oak_stairs":4,"stat.mineBlock.minecraft.dirt":284,"stat.craftItem.minecraft.golden_pickaxe":1,"stat.useItem.minecraft.torch":252,"stat.craftItem.minecraft.redstone_block":51,"stat.drop.minecraft.rotten_flesh":11,"stat.useItem.minecraft.log":1,"stat.useItem.minecraft.cobblestone":822,"stat.craftItem.minecraft.crafting_table":1,"stat.mineBlock.minecraft.double_plant":14,"stat.pickup.minecraft.log":223,"stat.pickup.minecraft.iron_pickaxe":2,"stat.craftItem.minecraft.gold_ingot":35,"stat.pickup.minecraft.chicken":10,"stat.pickup.minecraft.sapling":90,"stat.pickup.minecraft.wooden_door":4,"stat.pickup.minecraft.apple":3,"stat.useItem.minecraft.glass_pane":30,"stat.craftItem.minecraft.bucket":4,"stat.craftItem.minecraft.planks":180,"stat.craftItem.minecraft.dirt":56,"stat.useItem.minecraft.wooden_pressure_plate":3,"stat.mineBlock.minecraft.log":204,"stat.craftItem.minecraft.cooked_chicken":64,"stat.useItem.minecraft.stone_hoe":31,"stat.useItem.minecraft.wooden_door":4,"stat.useItem.minecraft.spruce_door":2,"stat.pickup.minecraft.red_flower":6,"stat.sneakTime":16028,"stat.pickup.minecraft.wool":4,"stat.useItem.minecraft.wooden_axe":21,"stat.pickup.minecraft.stone_slab":39,"stat.pickup.minecraft.chest":2,"stat.craftItem.minecraft.spruce_door":3,"stat.pickup.minecraft.bone":2,"stat.useItem.minecraft.iron_axe":7,"stat.mineBlock.minecraft.cobblestone":133,"stat.pickup.minecraft.stone_pickaxe":1,"stat.pickup.minecraft.flint":2,"stat.mineBlock.minecraft.brown_mushroom":4,"stat.swimOneCm":35180,"stat.climbOneCm":1009,"stat.craftItem.minecraft.gold_block":3,"stat.breakItem.minecraft.iron_pickaxe":1,"stat.useItem.minecraft.dirt":220,"stat.pickup.minecraft.stone_hoe":2,"stat.useItem.minecraft.red_flower":6,"stat.craftItem.minecraft.furnace":1,"stat.craftItem.minecraft.lapis_block":13,"stat.useItem.minecraft.egg":59,"stat.useItem.minecraft.golden_pickaxe":34,"stat.craftItem.minecraft.stone_pickaxe":23,"stat.mineBlock.minecraft.obsidian":45,"stat.pickup.minecraft.cobblestone":1978,"stat.mineBlock.minecraft.clay":2,"stat.mineBlock.minecraft.noteblock":2,"stat.useItem.minecraft.stone_shovel":69,"stat.flyOneCm":184390,"stat.useItem.minecraft.red_mushroom":6,"stat.drop.minecraft.wheat_seeds":2,"stat.craftItem.minecraft.wooden_slab":66,"stat.pickup.minecraft.redstone":483,"stat.mineBlock.minecraft.iron_ore":103,"stat.timeSinceDeath":65940,"stat.useItem.minecraft.wooden_slab":93,"stat.pickup.minecraft.mutton":6,"stat.craftItem.minecraft.iron_block":10,"stat.useItem.minecraft.noteblock":3,"stat.craftItem.minecraft.stonebrick":4,"stat.drop.minecraft.dirt":1,"stat.mineBlock.minecraft.coal_ore":229,"stat.craftItem.minecraft.stone_hoe":1,"stat.pickup.minecraft.string":1,"stat.sprintOneCm":560688,"stat.mineBlock.minecraft.stone_slab":29,"stat.craftItem.minecraft.stick":120,"stat.craftItem.minecraft.wooden_axe":1,"stat.drop.minecraft.stone_hoe":1,"stat.useItem.minecraft.stone_slab":73,"stat.useItem.minecraft.bed":5,"stat.craftItem.minecraft.stone":379,"stat.craftItem.minecraft.gold_nugget":9,"stat.mineBlock.minecraft.diamond_ore":14,"stat.useItem.minecraft.diamond_pickaxe":47,"stat.useItem.minecraft.bucket":64,"stat.mineBlock.minecraft.planks":65,"stat.drop":20,"stat.killEntity.Sheep":5,"stat.craftItem.minecraft.diamond_pickaxe":1,"stat.killEntity.Zombie":3,"stat.craftItem.minecraft.clay":2,"stat.mineBlock.minecraft.gold_ore":38,"stat.diveOneCm":18079,"stat.pickup.minecraft.wheat":28,"stat.pickup.minecraft.gravel":29,"stat.pickup.minecraft.stone_axe":3,"stat.useItem.minecraft.apple":2,"stat.pickup.minecraft.obsidian":47,"stat.jump":2243,"stat.useItem.minecraft.wooden_hoe":13,"stat.pickup.minecraft.fence":21,"stat.pickup.minecraft.coal":228,"stat.useItem.minecraft.stone_axe":509,"stat.craftItem.minecraft.torch":204,"stat.pickup.minecraft.dirt":260,"stat.useItem.minecraft.cooked_chicken":23,"stat.pickup.minecraft.iron_ore":100,"stat.useItem.minecraft.sapling":72,"stat.pickup.minecraft.gold_ore":38,"stat.mineBlock.minecraft.lapis_ore":22,"stat.pickup.minecraft.leaves":130,"stat.mineBlock.minecraft.glass_pane":2,"stat.damageTaken":820,"stat.mineBlock.minecraft.red_flower":5,"stat.mineBlock.minecraft.torch":46,"stat.mineBlock.minecraft.furnace":1,"stat.mineBlock.minecraft.sapling":12,"stat.noteblockTuned":116,"stat.pickup.minecraft.bed":4,"stat.pickup.minecraft.oak_stairs":9,"stat.damageDealt":1051,"stat.sleepInBed":16,"stat.useItem.minecraft.crafting_table":1,"stat.craftItem.minecraft.stone_slab":42,"stat.walkOneCm":1393931,"stat.animalsBred":9,"stat.mineBlock.minecraft.birch_fence":3,"stat.useItem.minecraft.chest":7,"stat.pickup.minecraft.stick":2,"stat.pickup.minecraft.diamond_pickaxe":1,"stat.pickup.minecraft.noteblock":2,"stat.pickup.minecraft.clay_ball":8,"stat.useItem.minecraft.lava_bucket":18,"stat.breakItem.minecraft.stone_pickaxe":20,"stat.pickup.minecraft.stone":371,"stat.craftItem.minecraft.hay_block":1,"stat.drop.minecraft.egg":5,"stat.useItem.minecraft.leaves":1,"stat.killEntity.Skeleton":1,"stat.killEntity.Chicken":3,"stat.mobKills":16,"stat.pickup.minecraft.birch_fence":2,"stat.useItem.minecraft.cobblestone_wall":17,"stat.pickup.minecraft.diamond":14,"stat.mineBlock.minecraft.leaves":488,"stat.pickup.minecraft.torch":78,"stat.mineBlock.minecraft.redstone_ore":107,"stat.pickup.minecraft.lava_bucket":4,"stat.craftItem.minecraft.coal_block":18,"stat.mineBlock.minecraft.stone":2379}