{"stat.useItem.minecraft.bow":94,"stat.pickup.minecraft.wooden_slab":14,"stat.leaveGame":14,"stat.craftItem.minecraft.iron_axe":1,"stat.useItem.minecraft.planks":62,"stat.craftItem.minecraft.shield":1,"stat.pickup.minecraft.golden_boots":2,"stat.pickup.minecraft.glowstone_dust":140,"stat.useItem.minecraft.water_bucket":8,"stat.mineBlock.minecraft.red_mushroom":8,"stat.pickup.minecraft.rotten_flesh":25,"stat.pickup.minecraft.sand":125,"stat.craftItem.minecraft.stone_axe":2,"stat.pickup.minecraft.cobblestone_wall":2,"stat.pickup.minecraft.observer":7,"stat.craftItem.minecraft.lit_pumpkin":1,"stat.mineBlock.minecraft.wooden_slab":12,"stat.mineBlock.minecraft.snow_layer":33,"stat.useItem.minecraft.brown_mushroom":6,"stat.pickup.minecraft.brown_mushroom":34,"stat.mineBlock.minecraft.sand":127,"stat.useItem.minecraft.fence_gate":1,"stat.useItem.minecraft.iron_pickaxe":203,"stat.craftItem.minecraft.wooden_pickaxe":1,"stat.breakItem.minecraft.flint_and_steel":1,"stat.craftItem.minecraft.bed":3,"stat.craftItem.minecraft.glass_pane":48,"stat.mineBlock.minecraft.hopper":2,"stat.pickup.minecraft.wooden_shovel":2,"stat.furnaceInteraction":68,"stat.drop.minecraft.gravel":2,"stat.craftItem.minecraft.observer":1,"stat.pickup.minecraft.wooden_button":10,"stat.noteblockPlayed":1,"stat.drop.minecraft.red_flower":1,"stat.pickup.minecraft.fence_gate":1,"stat.pickup.minecraft.furnace":4,"stat.useItem.minecraft.cooked_mutton":11,"stat.mineBlock.minecraft.wooden_button":8,"stat.pickup.minecraft.hay_block":1,"stat.mineBlock.minecraft.redstone_lamp":7,"stat.useItem.minecraft.fence":4,"stat.useItem.minecraft.stone_stairs":4,"stat.drop.minecraft.furnace":1,"stat.craftItem.minecraft.daylight_detector":1,"stat.pickup.minecraft.stone_stairs":2,"stat.drop.minecraft.wooden_hoe":2,"stat.useItem.minecraft.flint_and_steel":66,"stat.useItem.minecraft.wheat_seeds":162,"stat.useItem.minecraft.wooden_button":10,"stat.useItem.minecraft.hopper":8,"stat.useItem.minecraft.dye":1,"stat.deaths":6,"stat.pickup.minecraft.bowl":4,"stat.pickup.minecraft.egg":331,"stat.playOneMinute":635934,"stat.pickup.minecraft.birch_door":3,"stat.craftItem.minecraft.wooden_shovel":1,"stat.craftItem.minecraft.iron_pickaxe":1,"stat.craftItem.minecraft.diamond_block":1,"stat.useItem.minecraft.shears":123,"stat.pickup.minecraft.glass_pane":13,"stat.drop.minecraft.torch":2,"stat.pickup.minecraft.dispenser":7,"stat.mineBlock.minecraft.tallgrass":241,"stat.craftItem.minecraft.cooked_mutton":7,"stat.pickup.minecraft.netherrack":30,"stat.pickup.minecraft.cooked_mutton":4,"stat.chestOpened":383,"stat.pickup.minecraft.pumpkin":3,"stat.craftItem.minecraft.mushroom_stew":1,"stat.pickup.minecraft.spruce_door":3,"stat.useItem.minecraft.stone":74,"stat.craftItem.minecraft.carpet":6,"stat.mineBlock.minecraft.netherrack":32,"stat.mineBlock.minecraft.dispenser":7,"stat.pickup.minecraft.arrow":19,"stat.pickup.minecraft.wooden_pressure_plate":3,"stat.craftItem.minecraft.redstone_torch":4,"stat.craftItem.minecraft.quartz_block":2,"stat.craftItem.minecraft.coal":36,"stat.craftItem.minecraft.iron_nugget":9,"stat.pickup.minecraft.cooked_chicken":67,"stat.fallOneCm":81668,"stat.crouchOneCm":172590,"stat.craftItem.minecraft.iron_ingot":70,"stat.craftItem.minecraft.chest":10,"stat.pickup.minecraft.red_mushroom":8,"stat.pickup.minecraft.golden_leggings":1,"stat.craftItem.minecraft.hopper":6,"stat.craftingTableInteraction":181,"stat.mineBlock.minecraft.wooden_pressure_plate":1,"stat.pickup.minecraft.wooden_pickaxe":1,"stat.pickup.minecraft.feather":2,"stat.craftItem.minecraft.wooden_button":1,"stat.useItem.minecraft.reeds":1,"stat.useItem.minecraft.furnace":5,"stat.pickup.minecraft.dye":40,"stat.pickup.minecraft.planks":23,"stat.mineBlock.minecraft.spruce_fence":30,"stat.pickup.minecraft.wheat_seeds":210,"stat.mineBlock.minecraft.gravel":271,"stat.useItem.minecraft.stone_pickaxe":988,"stat.breakItem.minecraft.stone_axe":1,"stat.mineBlock.minecraft.glass":3,"stat.useItem.minecraft.wool":2,"stat.mineBlock.minecraft.dirt":1025,"stat.mineBlock.minecraft.daylight_detector":1,"stat.useItem.minecraft.torch":237,"stat.useItem.minecraft.bread":3,"stat.craftItem.minecraft.redstone_block":9,"stat.drop.minecraft.rotten_flesh":4,"stat.craftItem.minecraft.stone_stairs":8,"stat.useItem.minecraft.log":15,"stat.pickup.minecraft.crafting_table":4,"stat.useItem.minecraft.cobblestone":426,"stat.craftItem.minecraft.crafting_table":3,"stat.useItem.minecraft.gravel":240,"stat.mineBlock.minecraft.double_plant":46,"stat.pickup.minecraft.log":175,"stat.drop.minecraft.chicken":2,"stat.craftItem.minecraft.gold_ingot":4,"stat.pickup.minecraft.hopper":2,"stat.pickup.minecraft.chicken":4,"stat.pickup.minecraft.sapling":70,"stat.pickup.minecraft.apple":2,"stat.useItem.minecraft.glass_pane":35,"stat.breakItem.minecraft.stone_shovel":5,"stat.useItem.minecraft.birch_door":3,"stat.pickup.minecraft.coal_block":1,"stat.craftItem.minecraft.planks":384,"stat.useItem.minecraft.iron_sword":17,"stat.craftItem.minecraft.snow":9,"stat.useItem.minecraft.daylight_detector":1,"stat.useItem.minecraft.wooden_pressure_plate":3,"stat.useItem.minecraft.stonebrick":176,"stat.mineBlock.minecraft.log":154,"stat.craftItem.minecraft.cooked_chicken":8,"stat.useItem.minecraft.stone_hoe":44,"stat.useItem.minecraft.spruce_door":2,"stat.pickup.minecraft.red_flower":9,"stat.sneakTime":46191,"stat.pickup.minecraft.wool":56,"stat.craftItem.minecraft.spruce_fence_gate":2,"stat.useItem.minecraft.wooden_axe":11,"stat.pickup.minecraft.stone_slab":9,"stat.pickup.minecraft.yellow_flower":8,"stat.breakItem.minecraft.leather_leggings":1,"stat.drop.minecraft.wooden_axe":1,"stat.pickup.minecraft.bone":20,"stat.useItem.minecraft.mushroom_stew":1,"stat.pickup.minecraft.redstone_torch":2,"stat.pickup.minecraft.lit_pumpkin":2,"stat.useItem.minecraft.iron_axe":145,"stat.mineBlock.minecraft.cobblestone":125,"stat.mineBlock.minecraft.pumpkin":5,"stat.pickup.minecraft.stone_pickaxe":2,"stat.pickup.minecraft.flint":41,"stat.mineBlock.minecraft.yellow_flower":10,"stat.pickup.minecraft.leather_chestplate":3,"stat.mineBlock.minecraft.brown_mushroom":29,"stat.swimOneCm":74518,"stat.useItem.minecraft.snow":1,"stat.climbOneCm":145205,"stat.breakItem.minecraft.iron_pickaxe":1,"stat.useItem.minecraft.obsidian":14,"stat.useItem.minecraft.redstone_torch":3,"stat.useItem.minecraft.dirt":860,"stat.pickup.minecraft.stone_hoe":2,"stat.craftItem.minecraft.furnace":2,"stat.craftItem.minecraft.lapis_block":3,"stat.pickup.minecraft.daylight_detector":1,"stat.useItem.minecraft.egg":299,"stat.craftItem.minecraft.stone_pickaxe":5,"stat.mineBlock.minecraft.obsidian":2,"stat.pickup.minecraft.cobblestone":615,"stat.mineBlock.minecraft.carpet":4,"stat.craftItem.minecraft.bow":2,"stat.useItem.minecraft.spruce_fence_gate":2,"stat.mineBlock.minecraft.clay":31,"stat.mineBlock.minecraft.noteblock":1,"stat.useItem.minecraft.stone_shovel":827,"stat.flyOneCm":570787,"stat.useItem.minecraft.red_mushroom":2,"stat.drop.minecraft.wheat_seeds":2,"stat.craftItem.minecraft.wooden_slab":36,"stat.pickup.minecraft.redstone":66,"stat.craftItem.minecraft.dispenser":1,"stat.mineBlock.minecraft.iron_ore":32,"stat.timeSinceDeath":53261,"stat.useItem.minecraft.wooden_slab":64,"stat.pickup.minecraft.mutton":12,"stat.craftItem.minecraft.iron_block":3,"stat.drop.minecraft.coal":1,"stat.craftItem.minecraft.stonebrick":300,"stat.pickup.minecraft.stonebrick":38,"stat.pickup.minecraft.spruce_fence":46,"stat.pickup.minecraft.redstone_lamp":7,"stat.pickup.minecraft.carpet":4,"stat.mineBlock.minecraft.coal_ore":80,"stat.drop.minecraft.wool":1,"stat.killEntity.Creeper":13,"stat.pickup.minecraft.shield":2,"stat.pickup.minecraft.string":12,"stat.mineBlock.minecraft.ladder":1,"stat.useItem.minecraft.spruce_fence":58,"stat.killEntity.Squid":6,"stat.sprintOneCm":1210847,"stat.mineBlock.minecraft.stone_slab":10,"stat.useItem.minecraft.hay_block":1,"stat.craftItem.minecraft.stick":444,"stat.useItem.minecraft.stone_slab":94,"stat.useItem.minecraft.bed":11,"stat.craftItem.minecraft.stone":139,"stat.useItem.minecraft.snowball":10,"stat.mineBlock.minecraft.crafting_table":4,"stat.useItem.minecraft.diamond_pickaxe":182,"stat.useItem.minecraft.wooden_shovel":53,"stat.pickup.minecraft.leather_leggings":1,"stat.craftItem.minecraft.redstone_lamp":2,"stat.craftItem.minecraft.wooden_pressure_plate":2,"stat.useItem.minecraft.bucket":26,"stat.breakItem.minecraft.shears":1,"stat.mineBlock.minecraft.planks":13,"stat.drop":35,"stat.killEntity.Sheep":7,"stat.useItem.minecraft.ladder":115,"stat.killEntity.Zombie":13,"stat.pickup.minecraft.snowball":64,"stat.craftItem.minecraft.dye":30,"stat.craftItem.minecraft.clay":30,"stat.diveOneCm":56373,"stat.pickup.minecraft.wheat":96,"stat.craftItem.minecraft.sandstone":1,"stat.craftItem.minecraft.ladder":117,"stat.pickup.minecraft.gravel":276,"stat.useItem.minecraft.chicken":3,"stat.pickup.minecraft.stone_axe":3,"stat.useItem.minecraft.apple":2,"stat.pickup.minecraft.obsidian":2,"stat.useItem.minecraft.carpet":10,"stat.useItem.minecraft.rotten_flesh":9,"stat.jump":5131,"stat.useItem.minecraft.sand":7,"stat.useItem.minecraft.wooden_hoe":21,"stat.pickup.minecraft.fence":3,"stat.pickup.minecraft.coal":83,"stat.useItem.minecraft.stone_axe":306,"stat.mineBlock.minecraft.observer":7,"stat.pickup.minecraft.gunpowder":12,"stat.craftItem.minecraft.bread":4,"stat.pickup.minecraft.spider_eye":2,"stat.craftItem.minecraft.torch":176,"stat.breakItem.minecraft.golden_leggings":1,"stat.pickup.minecraft.dirt":1390,"stat.useItem.minecraft.cooked_chicken":39,"stat.pickup.minecraft.iron_ore":32,"stat.useItem.minecraft.glass":24,"stat.useItem.minecraft.dispenser":7,"stat.pickup.minecraft.stone_shovel":2,"stat.useItem.minecraft.sapling":50,"stat.mineBlock.minecraft.lapis_ore":4,"stat.craftItem.minecraft.flint_and_steel":2,"stat.useItem.minecraft.redstone_lamp":8,"stat.pickup.minecraft.leaves":120,"stat.mineBlock.minecraft.glass_pane":3,"stat.mineBlock.minecraft.stone_stairs":2,"stat.damageTaken":3591,"stat.mineBlock.minecraft.torch":51,"stat.mineBlock.minecraft.furnace":3,"stat.mineBlock.minecraft.red_flower":8,"stat.useItem.minecraft.wooden_pickaxe":60,"stat.dispenserInspected":12,"stat.mineBlock.minecraft.sapling":4,"stat.noteblockTuned":93,"stat.craftItem.minecraft.comparator":1,"stat.craftItem.minecraft.glowstone":2,"stat.pickup.minecraft.reeds":1,"stat.pickup.minecraft.bed":9,"stat.damageDealt":8446,"stat.craftItem.minecraft.glass":35,"stat.sleepInBed":35,"stat.craftItem.minecraft.bowl":4,"stat.useItem.minecraft.crafting_table":7,"stat.craftItem.minecraft.iron_sword":1,"stat.craftItem.minecraft.stone_slab":396,"stat.craftItem.minecraft.stone_shovel":9,"stat.walkOneCm":2282623,"stat.animalsBred":40,"stat.useItem.minecraft.chest":5,"stat.pickup.minecraft.stick":1,"stat.drop.minecraft.noteblock":1,"stat.useItem.minecraft.pumpkin":5,"stat.useItem.minecraft.observer":7,"stat.pickup.minecraft.noteblock":1,"stat.pickup.minecraft.clay_ball":122,"stat.useItem.minecraft.lava_bucket":20,"stat.breakItem.minecraft.stone_pickaxe":5,"stat.craftItem.minecraft.spectral_arrow":4,"stat.craftItem.minecraft.wheat":18,"stat.pickup.minecraft.stone":165,"stat.mineBlock.minecraft.wool":2,"stat.craftItem.minecraft.hay_block":4,"stat.craftItem.minecraft.redstone":18,"stat.useItem.minecraft.leaves":145,"stat.drop.minecraft.egg":122,"stat.pickup.minecraft.ladder":4,"stat.breakItem.minecraft.golden_boots":1,"stat.useItem.minecraft.netherrack":28,"stat.killEntity.Skeleton":14,"stat.mineBlock.minecraft.stonebrick":51,"stat.killEntity.Chicken":5,"stat.mineBlock.minecraft.redstone_torch":2,"stat.killEntity.Spider":9,"stat.mineBlock.minecraft.quartz_ore":65,"stat.mineBlock.minecraft.glowstone":47,"stat.craftItem.minecraft.spruce_fence":39,"stat.mobKills":82,"stat.craftItem.minecraft.shears":2,"stat.pickup.minecraft.quartz":64,"stat.pickup.minecraft.water_bucket":1,"stat.breakItem.minecraft.iron_axe":1,"stat.mineBlock.minecraft.leaves":363,"stat.pickup.minecraft.torch":112,"stat.mineBlock.minecraft.redstone_ore":16,"stat.craftItem.minecraft.coal_block":8,"stat.mineBlock.minecraft.hay_block":1,"stat.mineBlock.minecraft.stone":826,"stat.useItem.minecraft.sandstone":1,"stat.breakItem.minecraft.wooden_pickaxe":1}