{"stat.chestOpened":40,"stat.craftItem.minecraft.stone_shovel":2,"stat.pickup.minecraft.double_plant":12,"stat.walkOneCm":514765,"stat.pickup.minecraft.bone":2,"stat.useItem.minecraft.torch":8,"stat.leaveGame":1,"stat.furnaceInteraction":4,"stat.pickup.minecraft.stone_axe":1,"stat.mineBlock.minecraft.double_plant":12,"stat.craftItem.minecraft.stone_hoe":1,"stat.useItem.minecraft.rotten_flesh":9,"stat.pickup.minecraft.log":57,"stat.swimOneCm":11298,"stat.jump":516,"stat.pickup.minecraft.fence":39,"stat.useItem.minecraft.double_plant":1,"stat.fallOneCm":7189,"stat.useItem.minecraft.stone_axe":114,"stat.crouchOneCm":3309,"stat.pickup.minecraft.chicken":8,"stat.craftItem.minecraft.torch":4,"stat.pickup.minecraft.sapling":26,"stat.pickup.minecraft.dirt":214,"stat.useItem.minecraft.dirt":104,"stat.sprintOneCm":57660,"stat.pickup.minecraft.wooden_door":4,"stat.useItem.minecraft.fence":66,"stat.pickup.minecraft.apple":2,"stat.craftItem.minecraft.stick":48,"stat.useItem.minecraft.cooked_chicken":3,"stat.craftingTableInteraction":17,"stat.breakItem.minecraft.stone_shovel":2,"stat.pickup.minecraft.sand":1,"stat.useItem.minecraft.red_flower":1,"stat.useItem.minecraft.stone_slab":2,"stat.useItem.minecraft.sapling":26,"stat.craftItem.minecraft.planks":56,"stat.useItem.minecraft.egg":76,"stat.craftItem.minecraft.bone_block":1,"stat.killEntity.Chicken":9,"stat.mineBlock.minecraft.fence":39,"stat.craftItem.minecraft.stone_axe":1,"stat.useItem.minecraft.wheat_seeds":65,"stat.craftItem.minecraft.dirt":8,"stat.damageTaken":50,"stat.pickup.minecraft.feather":7,"stat.mineBlock.minecraft.red_flower":3,"stat.mineBlock.minecraft.torch":4,"stat.mineBlock.minecraft.sapling":2,"stat.mobKills":9,"stat.useItem.minecraft.dye":10,"stat.mineBlock.minecraft.log":57,"stat.craftItem.minecraft.wooden_door":3,"stat.craftItem.minecraft.fence":27,"stat.useItem.minecraft.stone_hoe":70,"stat.useItem.minecraft.stone_shovel":142,"stat.useItem.minecraft.wooden_door":6,"stat.flyOneCm":19916,"stat.pickup.minecraft.wheat_seeds":34,"stat.drop":1,"stat.pickup.minecraft.egg":110,"stat.mineBlock.minecraft.sand":1,"stat.mineBlock.minecraft.leaves":135,"stat.playOneMinute":80488,"stat.pickup.minecraft.torch":4,"stat.pickup.minecraft.red_flower":3,"stat.craftItem.minecraft.wooden_slab":6,"stat.sneakTime":842,"stat.useItem.minecraft.stone_sword":11,"stat.damageDealt":336,"stat.drop.minecraft.stone_axe":1,"stat.sleepInBed":6,"stat.timeSinceDeath":80488,"stat.craftItem.minecraft.dye":77,"stat.mineBlock.minecraft.dirt":222,"stat.mineBlock.minecraft.tallgrass":155,"stat.diveOneCm":5028,"stat.pickup.minecraft.wheat":5}