{"stat.chestOpened":3,"stat.pickup.minecraft.rotten_flesh":4,"stat.useItem.minecraft.bow":57,"stat.walkOneCm":72263,"stat.pickup.minecraft.bone":3,"stat.killEntity.Chicken":1,"stat.leaveGame":1,"stat.pickup.minecraft.arrow":1,"stat.killEntity.Spider":1,"stat.damageTaken":70,"stat.pickup.minecraft.feather":1,"stat.breakItem.minecraft.leather_boots":1,"stat.mobKills":3,"stat.useItem.minecraft.wooden_pressure_plate":1,"stat.useItem.minecraft.rotten_flesh":2,"stat.flyOneCm":12560,"stat.drop":11,"stat.jump":134,"stat.swimOneCm":919,"stat.pickup.minecraft.egg":171,"stat.playOneMinute":11444,"stat.killEntity.Witch":1,"stat.fallOneCm":3094,"stat.sneakTime":134,"stat.crouchOneCm":481,"stat.pickup.minecraft.chicken":1,"stat.sleepInBed":1,"stat.timeSinceDeath":11444,"stat.pickup.minecraft.dirt":1,"stat.useItem.minecraft.dirt":1,"stat.drop.minecraft.egg":171,"stat.sprintOneCm":30089,"stat.mineBlock.minecraft.dirt":1}