{"stat.chestOpened":5,"stat.pickup.minecraft.bone":1,"stat.craftItem.minecraft.ladder":51,"stat.leaveGame":2,"stat.pickup.minecraft.arrow":1,"stat.jump":167,"stat.swimOneCm":6295,"stat.climbOneCm":12602,"stat.fallOneCm":3825,"stat.useItem.minecraft.planks":38,"stat.useItem.minecraft.stone_axe":8,"stat.pickup.minecraft.gunpowder":1,"stat.crouchOneCm":1242,"stat.craftItem.minecraft.torch":4,"stat.useItem.minecraft.dirt":135,"stat.pickup.minecraft.dirt":266,"stat.craftingTableInteraction":12,"stat.pickup.minecraft.rotten_flesh":1,"stat.pickup.minecraft.sand":1,"stat.mineBlock.minecraft.glass_pane":5,"stat.damageTaken":80,"stat.mineBlock.minecraft.torch":1,"stat.pickup.minecraft.cobblestone":2,"stat.pickup.minecraft.planks":3,"stat.useItem.minecraft.stone_shovel":202,"stat.flyOneCm":615,"stat.pickup.minecraft.wheat_seeds":6,"stat.mineBlock.minecraft.sand":1,"stat.useItem.minecraft.stone_pickaxe":4,"stat.craftItem.minecraft.cooked_fish":2,"stat.damageDealt":290,"stat.craftItem.minecraft.glass":6,"stat.timeSinceDeath":35821,"stat.mineBlock.minecraft.dirt":281,"stat.craftItem.minecraft.stone_slab":6,"stat.craftItem.minecraft.stone_shovel":2,"stat.walkOneCm":134208,"stat.useItem.minecraft.torch":5,"stat.craftItem.minecraft.glass_pane":16,"stat.furnaceInteraction":6,"stat.killEntity.Creeper":1,"stat.useItem.minecraft.cooked_fish":2,"stat.sprintOneCm":11310,"stat.mineBlock.minecraft.stone_slab":1,"stat.useItem.minecraft.glass_pane":23,"stat.craftItem.minecraft.stick":128,"stat.breakItem.minecraft.stone_shovel":2,"stat.killEntity.Skeleton":1,"stat.useItem.minecraft.stone_slab":3,"stat.mobKills":2,"stat.mineBlock.minecraft.planks":3,"stat.playOneMinute":35821,"stat.pickup.minecraft.torch":1,"stat.useItem.minecraft.ladder":19,"stat.sneakTime":432,"stat.craftItem.minecraft.dye":13,"stat.pickup.minecraft.stone_slab":1,"stat.pickup.minecraft.yellow_flower":1,"stat.mineBlock.minecraft.stone":3,"stat.mineBlock.minecraft.tallgrass":8,"stat.diveOneCm":1243}