{"stat.chestOpened":30,"stat.pickup.minecraft.piston":10,"stat.walkOneCm":218614,"stat.craftItem.minecraft.piston":1,"stat.useItem.minecraft.torch":33,"stat.pickup.minecraft.bone":1,"stat.pickup.minecraft.redstone_torch":5,"stat.useItem.minecraft.stone":16,"stat.craftItem.minecraft.redstone_block":33,"stat.useItem.minecraft.repeater":3,"stat.pickup.minecraft.gravel":4,"stat.leaveGame":1,"stat.pickup.minecraft.arrow":4,"stat.mineBlock.minecraft.cobblestone":7,"stat.useItem.minecraft.cobblestone":125,"stat.pickup.minecraft.wooden_pressure_plate":2,"stat.furnaceInteraction":10,"stat.craftItem.minecraft.redstone_torch":3,"stat.mineBlock.minecraft.coal_ore":40,"stat.pickup.minecraft.wooden_button":6,"stat.mineBlock.minecraft.emerald_ore":1,"stat.drop.minecraft.iron_pickaxe":1,"stat.jump":324,"stat.pickup.minecraft.coal":40,"stat.fallOneCm":1378,"stat.climbOneCm":11232,"stat.pickup.minecraft.iron_pickaxe":1,"stat.mineBlock.minecraft.wooden_button":5,"stat.useItem.minecraft.redstone":18,"stat.useItem.minecraft.piston":10,"stat.pickup.minecraft.stone":79,"stat.crouchOneCm":202,"stat.craftItem.minecraft.iron_ingot":47,"stat.breakItem.minecraft.iron_pickaxe":2,"stat.craftItem.minecraft.torch":16,"stat.craftItem.minecraft.redstone":18,"stat.useItem.minecraft.redstone_torch":5,"stat.pickup.minecraft.dirt":28,"stat.useItem.minecraft.dirt":27,"stat.sprintOneCm":57183,"stat.useItem.minecraft.cooked_chicken":1,"stat.craftingTableInteraction":25,"stat.pickup.minecraft.iron_ore":28,"stat.mineBlock.minecraft.wooden_pressure_plate":1,"stat.craftItem.minecraft.lapis_block":1,"stat.pickup.minecraft.repeater":3,"stat.craftItem.minecraft.stone":187,"stat.mineBlock.minecraft.diamond_ore":6,"stat.useItem.minecraft.egg":5,"stat.mineBlock.minecraft.redstone_torch":5,"stat.damageTaken":30,"stat.useItem.minecraft.wooden_button":6,"stat.mineBlock.minecraft.torch":10,"stat.pickup.minecraft.cobblestone":279,"stat.pickup.minecraft.emerald":1,"stat.useItem.minecraft.wooden_pressure_plate":2,"stat.useItem.minecraft.stone_hoe":16,"stat.craftItem.minecraft.stone_sword":1,"stat.flyOneCm":6597,"stat.drop":1,"stat.pickup.minecraft.diamond":6,"stat.pickup.minecraft.egg":6,"stat.playOneMinute":67384,"stat.mineBlock.minecraft.piston":10,"stat.pickup.minecraft.torch":10,"stat.mineBlock.minecraft.gravel":5,"stat.mineBlock.minecraft.redstone_ore":26,"stat.sneakTime":66,"stat.useItem.minecraft.stone_sword":4,"stat.craftItem.minecraft.coal_block":9,"stat.damageDealt":150,"stat.pickup.minecraft.redstone":137,"stat.mineBlock.minecraft.iron_ore":28,"stat.sleepInBed":1,"stat.timeSinceDeath":67384,"stat.craftItem.minecraft.repeater":1,"stat.useItem.minecraft.iron_pickaxe":466,"stat.mineBlock.minecraft.dirt":17,"stat.mineBlock.minecraft.stone":351,"stat.mineBlock.minecraft.tallgrass":2}