{"stat.chestOpened":35,"stat.useItem.minecraft.bow":5,"stat.pickup.minecraft.bone":10,"stat.pickup.minecraft.wooden_slab":4,"stat.pickup.minecraft.gravel":5,"stat.leaveGame":1,"stat.pickup.minecraft.arrow":8,"stat.pickup.minecraft.wooden_pressure_plate":5,"stat.pickup.minecraft.stone_pickaxe":3,"stat.pickup.minecraft.flint":1,"stat.pickup.minecraft.stone_axe":4,"stat.mineBlock.minecraft.brown_mushroom":1,"stat.useItem.minecraft.rotten_flesh":8,"stat.drop.minecraft.trapdoor":1,"stat.jump":826,"stat.swimOneCm":9781,"stat.pickup.minecraft.coal":110,"stat.climbOneCm":24455,"stat.fallOneCm":28491,"stat.drop.minecraft.cobblestone":6,"stat.useItem.minecraft.stone_axe":8,"stat.pickup.minecraft.gunpowder":4,"stat.crouchOneCm":2203,"stat.drop.minecraft.brown_mushroom":4,"stat.craftItem.minecraft.torch":8,"stat.craftItem.minecraft.iron_ingot":5,"stat.pickup.minecraft.dirt":335,"stat.useItem.minecraft.dirt":115,"stat.pickup.minecraft.bow":3,"stat.craftingTableInteraction":10,"stat.pickup.minecraft.iron_ore":5,"stat.pickup.minecraft.rotten_flesh":17,"stat.mineBlock.minecraft.wooden_pressure_plate":1,"stat.entityKilledBy.Spider":1,"stat.useItem.minecraft.egg":31,"stat.damageTaken":4090,"stat.mineBlock.minecraft.torch":13,"stat.craftItem.minecraft.stone_pickaxe":3,"stat.pickup.minecraft.cobblestone":66,"stat.pickup.minecraft.dye":2,"stat.useItem.minecraft.stone_shovel":315,"stat.flyOneCm":52480,"stat.pickup.minecraft.brown_mushroom":5,"stat.pickup.minecraft.wheat_seeds":42,"stat.entityKilledBy.Zombie":1,"stat.mineBlock.minecraft.gravel":8,"stat.useItem.minecraft.stone_pickaxe":383,"stat.damageDealt":1517,"stat.pickup.minecraft.redstone":2,"stat.mineBlock.minecraft.iron_ore":5,"stat.sleepInBed":5,"stat.timeSinceDeath":39990,"stat.mineBlock.minecraft.dirt":325,"stat.craftItem.minecraft.stone_shovel":2,"stat.walkOneCm":479084,"stat.drop.minecraft.coal":2,"stat.useItem.minecraft.torch":33,"stat.animalsBred":9,"stat.pickup.minecraft.stick":2,"stat.drop.minecraft.rotten_flesh":2,"stat.furnaceInteraction":2,"stat.mineBlock.minecraft.double_plant":29,"stat.pickup.minecraft.trapdoor":3,"stat.mineBlock.minecraft.coal_ore":108,"stat.breakItem.minecraft.stone_pickaxe":2,"stat.pickup.minecraft.string":5,"stat.drop.minecraft.wooden_pressure_plate":2,"stat.entityKilledBy.Skeleton":5,"stat.pickup.minecraft.stone":16,"stat.pickup.minecraft.chicken":1,"stat.useItem.minecraft.trapdoor":1,"stat.sprintOneCm":139859,"stat.entityKilledBy.Enderman":1,"stat.drop.minecraft.wooden_slab":2,"stat.craftItem.minecraft.stick":8,"stat.breakItem.minecraft.stone_shovel":2,"stat.killEntity.Skeleton":2,"stat.craftItem.minecraft.stone":12,"stat.killEntity.Chicken":1,"stat.useItem.minecraft.wheat_seeds":11,"stat.killEntity.Spider":3,"stat.mobKills":8,"stat.useItem.minecraft.wooden_pressure_plate":2,"stat.craftItem.minecraft.wooden_pressure_plate":1,"stat.entityKilledBy.Creeper":3,"stat.craftItem.minecraft.cooked_chicken":11,"stat.useItem.minecraft.stone_hoe":25,"stat.deaths":12,"stat.drop":21,"stat.pickup.minecraft.egg":86,"stat.playOneMinute":72564,"stat.pickup.minecraft.torch":13,"stat.sneakTime":1496,"stat.craftItem.minecraft.coal_block":11,"stat.drop.minecraft.stone_axe":2,"stat.killEntity.Zombie":2,"stat.mineBlock.minecraft.stone":74,"stat.mineBlock.minecraft.tallgrass":361,"stat.diveOneCm":1425,"stat.pickup.minecraft.wheat":1}