{"stat.chestOpened":29,"stat.useItem.minecraft.bow":9,"stat.mineBlock.minecraft.mossy_cobblestone":24,"stat.walkOneCm":402270,"stat.useItem.minecraft.torch":32,"stat.pickup.minecraft.bone":19,"stat.useItem.minecraft.bread":2,"stat.animalsBred":17,"stat.pickup.minecraft.stick":6,"stat.leaveGame":1,"stat.pickup.minecraft.arrow":11,"stat.mineBlock.minecraft.cobblestone":6,"stat.pickup.minecraft.stone_axe":2,"stat.entityKilledBy.Witch":1,"stat.drop.minecraft.dirt":4,"stat.useItem.minecraft.apple":3,"stat.mineBlock.minecraft.brown_mushroom":5,"stat.killEntity.Creeper":2,"stat.useItem.minecraft.rotten_flesh":2,"stat.pickup.minecraft.log":154,"stat.swimOneCm":21059,"stat.jump":554,"stat.mineBlock.minecraft.ladder":3,"stat.fallOneCm":27554,"stat.climbOneCm":47202,"stat.entityKilledBy.Skeleton":2,"stat.useItem.minecraft.stone_axe":249,"stat.pickup.minecraft.gunpowder":10,"stat.pickup.minecraft.stone":3,"stat.craftItem.minecraft.bread":2,"stat.crouchOneCm":5196,"stat.craftItem.minecraft.torch":20,"stat.craftItem.minecraft.hay_block":4,"stat.craftItem.minecraft.chest":64,"stat.pickup.minecraft.sapling":94,"stat.pickup.minecraft.dirt":115,"stat.useItem.minecraft.dirt":85,"stat.sprintOneCm":91233,"stat.pickup.minecraft.bow":4,"stat.pickup.minecraft.ladder":8,"stat.pickup.minecraft.apple":8,"stat.craftItem.minecraft.stick":12,"stat.craftingTableInteraction":9,"stat.pickup.minecraft.rotten_flesh":22,"stat.killEntity.Skeleton":5,"stat.useItem.minecraft.sapling":94,"stat.craftItem.minecraft.planks":616,"stat.useItem.minecraft.egg":318,"stat.killEntity.Chicken":1,"stat.craftItem.minecraft.stone_axe":1,"stat.useItem.minecraft.wheat_seeds":47,"stat.damageTaken":4020,"stat.pickup.minecraft.stone_sword":4,"stat.mineBlock.minecraft.torch":10,"stat.mobKills":20,"stat.pickup.minecraft.cobblestone":7,"stat.mineBlock.minecraft.sapling":6,"stat.useItem.minecraft.dye":3,"stat.mineBlock.minecraft.log":154,"stat.pickup.minecraft.dye":26,"stat.entityKilledBy.Creeper":2,"stat.entityKilledBy.ZombieVillager":1,"stat.craftItem.minecraft.stone_sword":1,"stat.flyOneCm":19192,"stat.deaths":11,"stat.useItem.minecraft.brown_mushroom":3,"stat.pickup.minecraft.brown_mushroom":6,"stat.pickup.minecraft.wheat_seeds":81,"stat.drop":5,"stat.pickup.minecraft.egg":536,"stat.mineBlock.minecraft.leaves":34,"stat.playOneMinute":69007,"stat.entityKilledBy.Zombie":3,"stat.pickup.minecraft.torch":14,"stat.useItem.minecraft.stone_pickaxe":31,"stat.breakItem.minecraft.stone_axe":1,"stat.useItem.minecraft.ladder":11,"stat.sneakTime":1652,"stat.useItem.minecraft.stone_sword":123,"stat.damageDealt":2914,"stat.killEntity.Zombie":11,"stat.sleepInBed":5,"stat.drop.minecraft.arrow":1,"stat.timeSinceDeath":19103,"stat.craftItem.minecraft.dye":3,"stat.mineBlock.minecraft.dirt":41,"stat.mineBlock.minecraft.tallgrass":13,"stat.diveOneCm":1119,"stat.pickup.minecraft.mossy_cobblestone":24,"stat.pickup.minecraft.wheat":44}