{"stat.chestOpened":46,"stat.walkOneCm":301520,"stat.useItem.minecraft.torch":3,"stat.useItem.minecraft.bread":4,"stat.animalsBred":10,"stat.mineBlock.minecraft.birch_fence":7,"stat.useItem.minecraft.iron_axe":82,"stat.pickup.minecraft.gravel":14,"stat.pickup.minecraft.birch_fence_gate":1,"stat.leaveGame":1,"stat.useItem.minecraft.log":11,"stat.pickup.minecraft.wooden_pressure_plate":1,"stat.pickup.minecraft.flint":3,"stat.mineBlock.minecraft.yellow_flower":2,"stat.useItem.minecraft.gravel":17,"stat.killEntity.Wolf":1,"stat.craftItem.minecraft.iron_axe":1,"stat.mineBlock.minecraft.double_plant":3,"stat.useItem.minecraft.apple":1,"stat.talkedToVillager":1,"stat.craftItem.minecraft.stone_hoe":1,"stat.craftItem.minecraft.birch_fence_gate":1,"stat.useItem.minecraft.rotten_flesh":1,"stat.pickup.minecraft.log":73,"stat.mineBlock.minecraft.stained_glass":1,"stat.swimOneCm":118,"stat.jump":236,"stat.pickup.minecraft.fence":11,"stat.fallOneCm":2452,"stat.climbOneCm":21556,"stat.useItem.minecraft.milk_bucket":2,"stat.useItem.minecraft.birch_fence_gate":2,"stat.craftItem.minecraft.bread":4,"stat.crouchOneCm":6785,"stat.mineBlock.minecraft.birch_fence_gate":1,"stat.craftItem.minecraft.arrow":20,"stat.craftItem.minecraft.hay_block":1,"stat.pickup.minecraft.sapling":23,"stat.useItem.minecraft.dirt":59,"stat.pickup.minecraft.dirt":35,"stat.sprintOneCm":112418,"stat.useItem.minecraft.stained_glass":1,"stat.useItem.minecraft.fence":29,"stat.pickup.minecraft.apple":1,"stat.useItem.minecraft.cooked_chicken":1,"stat.craftItem.minecraft.stick":32,"stat.craftingTableInteraction":15,"stat.useItem.minecraft.glass":1,"stat.mineBlock.minecraft.wooden_pressure_plate":1,"stat.useItem.minecraft.sapling":23,"stat.craftItem.minecraft.planks":48,"stat.useItem.minecraft.egg":75,"stat.mineBlock.minecraft.fence":11,"stat.useItem.minecraft.wheat_seeds":43,"stat.damageTaken":40,"stat.mineBlock.minecraft.torch":3,"stat.mineBlock.minecraft.red_flower":2,"stat.mobKills":2,"stat.mineBlock.minecraft.sapling":2,"stat.mineBlock.minecraft.log":71,"stat.useItem.minecraft.dye":16,"stat.pickup.minecraft.birch_fence":7,"stat.useItem.minecraft.stone_hoe":24,"stat.flyOneCm":11226,"stat.craftItem.minecraft.birch_fence":27,"stat.pickup.minecraft.wheat_seeds":58,"stat.useItem.minecraft.birch_fence":34,"stat.drop":2,"stat.mineBlock.minecraft.leaves":102,"stat.pickup.minecraft.egg":75,"stat.playOneMinute":53371,"stat.drop.minecraft.wheat_seeds":2,"stat.mineBlock.minecraft.gravel":17,"stat.pickup.minecraft.torch":3,"stat.pickup.minecraft.red_flower":2,"stat.mineBlock.minecraft.glass":1,"stat.sneakTime":1275,"stat.useItem.minecraft.stone_sword":7,"stat.craftItem.minecraft.stained_glass":8,"stat.damageDealt":290,"stat.sleepInBed":2,"stat.killEntity.Zombie":1,"stat.timeSinceDeath":53371,"stat.craftItem.minecraft.dye":53,"stat.pickup.minecraft.yellow_flower":2,"stat.mineBlock.minecraft.dirt":17,"stat.mineBlock.minecraft.tallgrass":25,"stat.useItem.minecraft.iron_shovel":14,"stat.pickup.minecraft.wheat":39}