{"stat.useItem.minecraft.string":3,"stat.useItem.minecraft.bow":39,"stat.pickup.minecraft.bone":4,"stat.pickup.minecraft.wooden_slab":2,"stat.useItem.minecraft.iron_axe":97,"stat.leaveGame":3,"stat.mineBlock.minecraft.cobblestone":1,"stat.pickup.minecraft.flint":32,"stat.craftItem.minecraft.iron_axe":1,"stat.mineBlock.minecraft.brown_mushroom":6,"stat.swimOneCm":5344,"stat.useItem.minecraft.planks":105,"stat.climbOneCm":40031,"stat.useItem.minecraft.dirt":247,"stat.useItem.minecraft.water_bucket":22,"stat.mineBlock.minecraft.red_mushroom":2,"stat.pickup.minecraft.rotten_flesh":3,"stat.pickup.minecraft.sand":17,"stat.useItem.minecraft.egg":160,"stat.pickup.minecraft.cobblestone":3,"stat.mineBlock.minecraft.wooden_slab":2,"stat.pickup.minecraft.leather_boots":1,"stat.useItem.minecraft.stone_shovel":181,"stat.flyOneCm":106813,"stat.useItem.minecraft.brown_mushroom":1,"stat.pickup.minecraft.brown_mushroom":7,"stat.mineBlock.minecraft.sand":17,"stat.useItem.minecraft.red_mushroom":3,"stat.drop.minecraft.wheat_seeds":2,"stat.pickup.minecraft.redstone":14,"stat.mineBlock.minecraft.iron_ore":4,"stat.timeSinceDeath":66784,"stat.useItem.minecraft.iron_pickaxe":22,"stat.useItem.minecraft.wooden_slab":1,"stat.craftItem.minecraft.glass_pane":96,"stat.furnaceInteraction":15,"stat.pickup.minecraft.wooden_button":4,"stat.killEntity.Creeper":4,"stat.pickup.minecraft.string":4,"stat.pickup.minecraft.filled_map":1,"stat.mineBlock.minecraft.wooden_button":1,"stat.useItem.minecraft.redstone":17,"stat.sprintOneCm":323591,"stat.mineBlock.minecraft.stone_slab":6,"stat.craftItem.minecraft.stick":8,"stat.useItem.minecraft.stone_slab":6,"stat.craftItem.minecraft.stone":64,"stat.useItem.minecraft.wooden_button":3,"stat.useItem.minecraft.bucket":23,"stat.breakItem.minecraft.shears":1,"stat.mineBlock.minecraft.planks":72,"stat.deaths":1,"stat.drop":19,"stat.pickup.minecraft.egg":168,"stat.playOneMinute":178502,"stat.useItem.minecraft.shears":279,"stat.mineBlock.minecraft.tallgrass":7,"stat.diveOneCm":5134,"stat.pickup.minecraft.wheat":1,"stat.chestOpened":103,"stat.useItem.minecraft.stone":52,"stat.pickup.minecraft.gravel":285,"stat.pickup.minecraft.arrow":5,"stat.pickup.minecraft.wooden_pressure_plate":3,"stat.useItem.minecraft.chicken":8,"stat.useItem.minecraft.rotten_flesh":21,"stat.jump":1707,"stat.useItem.minecraft.sand":4,"stat.fallOneCm":24423,"stat.pickup.minecraft.gunpowder":7,"stat.crouchOneCm":38119,"stat.pickup.minecraft.spider_eye":1,"stat.craftItem.minecraft.iron_ingot":4,"stat.craftItem.minecraft.torch":4,"stat.pickup.minecraft.dirt":179,"stat.pickup.minecraft.red_mushroom":2,"stat.useItem.minecraft.cooked_chicken":6,"stat.craftingTableInteraction":16,"stat.pickup.minecraft.iron_ore":4,"stat.useItem.minecraft.glass":20,"stat.mineBlock.minecraft.wooden_pressure_plate":2,"stat.pickup.minecraft.leaves":275,"stat.pickup.minecraft.iron_axe":2,"stat.mineBlock.minecraft.glass_pane":30,"stat.damageTaken":627,"stat.pickup.minecraft.feather":14,"stat.mineBlock.minecraft.torch":55,"stat.pickup.minecraft.planks":132,"stat.pickup.minecraft.wheat_seeds":2,"stat.mineBlock.minecraft.gravel":267,"stat.mineBlock.minecraft.glass":4,"stat.damageDealt":973,"stat.craftItem.minecraft.glass":55,"stat.sleepInBed":10,"stat.mineBlock.minecraft.dirt":197,"stat.craftItem.minecraft.stone_shovel":1,"stat.walkOneCm":760160,"stat.useItem.minecraft.torch":61,"stat.craftItem.minecraft.redstone_block":1,"stat.useItem.minecraft.log":1,"stat.useItem.minecraft.gravel":223,"stat.pickup.minecraft.log":1,"stat.pickup.minecraft.iron_pickaxe":1,"stat.pickup.minecraft.stone":3,"stat.pickup.minecraft.chicken":8,"stat.pickup.minecraft.sapling":1,"stat.useItem.minecraft.leaves":275,"stat.drop.minecraft.egg":17,"stat.entityKilledBy.Enderman":1,"stat.useItem.minecraft.glass_pane":97,"stat.breakItem.minecraft.stone_shovel":2,"stat.killEntity.Skeleton":3,"stat.killEntity.Chicken":10,"stat.killEntity.Spider":4,"stat.useItem.minecraft.wooden_pressure_plate":3,"stat.mobKills":27,"stat.mineBlock.minecraft.log":1,"stat.craftItem.minecraft.shears":1,"stat.craftItem.minecraft.cooked_chicken":64,"stat.mineBlock.minecraft.leaves":284,"stat.pickup.minecraft.torch":56,"stat.sneakTime":11129,"stat.pickup.minecraft.stone_slab":6,"stat.mineBlock.minecraft.stone":9}