{"stat.chestOpened":31,"stat.craftItem.minecraft.stone_slab":408,"stat.walkOneCm":194221,"stat.useItem.minecraft.torch":10,"stat.animalsBred":8,"stat.useItem.minecraft.stone":65,"stat.leaveGame":1,"stat.mineBlock.minecraft.cobblestone":125,"stat.useItem.minecraft.cobblestone":156,"stat.furnaceInteraction":5,"stat.pickup.minecraft.spruce_fence":7,"stat.mineBlock.minecraft.coal_ore":4,"stat.breakItem.minecraft.stone_pickaxe":3,"stat.jump":230,"stat.swimOneCm":10408,"stat.useItem.minecraft.snow":16,"stat.pickup.minecraft.coal":4,"stat.fallOneCm":2489,"stat.useItem.minecraft.stone_axe":8,"stat.craftItem.minecraft.snow_layer":6,"stat.pickup.minecraft.stone":5,"stat.crouchOneCm":16405,"stat.mineBlock.minecraft.wool":1,"stat.useItem.minecraft.spruce_fence":19,"stat.craftItem.minecraft.torch":4,"stat.pickup.minecraft.dirt":94,"stat.useItem.minecraft.dirt":35,"stat.sprintOneCm":54858,"stat.mineBlock.minecraft.stone_slab":8,"stat.craftItem.minecraft.stick":16,"stat.craftingTableInteraction":16,"stat.pickup.minecraft.sand":8,"stat.useItem.minecraft.stone_slab":380,"stat.craftItem.minecraft.planks":36,"stat.useItem.minecraft.snowball":13,"stat.craftItem.minecraft.snow":19,"stat.useItem.minecraft.wheat_seeds":31,"stat.damageTaken":20,"stat.mineBlock.minecraft.torch":3,"stat.craftItem.minecraft.stone_pickaxe":1,"stat.craftItem.minecraft.spruce_fence":21,"stat.mobKills":1,"stat.pickup.minecraft.cobblestone":162,"stat.useItem.minecraft.stone_hoe":8,"stat.useItem.minecraft.stone_shovel":83,"stat.mineBlock.minecraft.spruce_fence":7,"stat.flyOneCm":23903,"stat.mineBlock.minecraft.snow_layer":30,"stat.mineBlock.minecraft.snow":6,"stat.pickup.minecraft.wheat_seeds":32,"stat.mineBlock.minecraft.sand":8,"stat.playOneMinute":68220,"stat.pickup.minecraft.torch":4,"stat.useItem.minecraft.stone_pickaxe":245,"stat.sneakTime":4460,"stat.pickup.minecraft.wool":1,"stat.craftItem.minecraft.glass":8,"stat.damageDealt":30,"stat.pickup.minecraft.redstone":1,"stat.useItem.minecraft.wool":1,"stat.useItem.minecraft.snow_layer":6,"stat.killEntity.Zombie":1,"stat.sleepInBed":3,"stat.pickup.minecraft.snowball":89,"stat.timeSinceDeath":68220,"stat.pickup.minecraft.stone_slab":7,"stat.mineBlock.minecraft.dirt":87,"stat.mineBlock.minecraft.stone":63,"stat.craftItem.minecraft.cooked_mutton":1,"stat.diveOneCm":11582,"stat.pickup.minecraft.wheat":18}