{"stat.chestOpened":23,"stat.useItem.minecraft.bow":18,"stat.walkOneCm":92040,"stat.useItem.minecraft.torch":2,"stat.pickup.minecraft.bone":2,"stat.craftItem.minecraft.glass_pane":16,"stat.useItem.minecraft.iron_axe":28,"stat.leaveGame":1,"stat.pickup.minecraft.arrow":31,"stat.furnaceInteraction":2,"stat.mineBlock.minecraft.brown_mushroom":4,"stat.pickup.minecraft.string":1,"stat.pickup.minecraft.log":4,"stat.useItem.minecraft.cooked_fish":2,"stat.pickup.minecraft.fishing_rod":1,"stat.jump":154,"stat.swimOneCm":1072,"stat.fallOneCm":3058,"stat.useItem.minecraft.planks":19,"stat.climbOneCm":901,"stat.crouchOneCm":74,"stat.craftItem.minecraft.arrow":256,"stat.pickup.minecraft.sapling":3,"stat.pickup.minecraft.dirt":17,"stat.useItem.minecraft.dirt":17,"stat.sprintOneCm":48132,"stat.entityKilledBy.Enderman":1,"stat.pickup.minecraft.bow":2,"stat.useItem.minecraft.glass_pane":6,"stat.craftItem.minecraft.stick":68,"stat.craftingTableInteraction":3,"stat.useItem.minecraft.birch_door":1,"stat.killEntity.Skeleton":2,"stat.drop.minecraft.bow":1,"stat.pickup.minecraft.sand":3,"stat.useItem.minecraft.sapling":5,"stat.useItem.minecraft.egg":1,"stat.mineBlock.minecraft.glass_pane":5,"stat.damageTaken":209,"stat.killEntity.Spider":1,"stat.craftItem.minecraft.fishing_rod":1,"stat.mineBlock.minecraft.torch":1,"stat.mobKills":3,"stat.useItem.minecraft.dye":7,"stat.pickup.minecraft.leather_boots":1,"stat.craftItem.minecraft.bow":1,"stat.mineBlock.minecraft.log":4,"stat.pickup.minecraft.planks":15,"stat.flyOneCm":8269,"stat.mineBlock.minecraft.planks":15,"stat.useItem.minecraft.brown_mushroom":3,"stat.deaths":1,"stat.breakItem.minecraft.iron_axe":1,"stat.pickup.minecraft.brown_mushroom":4,"stat.drop":1,"stat.pickup.minecraft.egg":1,"stat.mineBlock.minecraft.sand":3,"stat.mineBlock.minecraft.leaves":39,"stat.playOneMinute":24875,"stat.pickup.minecraft.fish":2,"stat.pickup.minecraft.birch_door":1,"stat.pickup.minecraft.torch":2,"stat.sneakTime":105,"stat.craftItem.minecraft.cooked_fish":2,"stat.sleepInBed":1,"stat.timeSinceDeath":12932,"stat.mineBlock.minecraft.dirt":17,"stat.mineBlock.minecraft.tallgrass":1,"stat.fishCaught":2,"stat.diveOneCm":309,"stat.useItem.minecraft.fishing_rod":15}