{"stat.chestOpened":12,"stat.useItem.minecraft.bow":12,"stat.walkOneCm":86261,"stat.pickup.minecraft.bone":1,"stat.useItem.minecraft.torch":3,"stat.useItem.minecraft.stone":2,"stat.pickup.minecraft.gravel":365,"stat.leaveGame":1,"stat.pickup.minecraft.arrow":2,"stat.useItem.minecraft.cobblestone":3,"stat.pickup.minecraft.flint":37,"stat.useItem.minecraft.gravel":404,"stat.mineBlock.minecraft.brown_mushroom":1,"stat.killEntity.Creeper":1,"stat.jump":504,"stat.swimOneCm":222,"stat.useItem.minecraft.planks":5,"stat.fallOneCm":3170,"stat.climbOneCm":8332,"stat.useItem.minecraft.stone_axe":21,"stat.pickup.minecraft.gunpowder":1,"stat.pickup.minecraft.stone":2,"stat.crouchOneCm":5728,"stat.pickup.minecraft.chicken":1,"stat.pickup.minecraft.dirt":7,"stat.useItem.minecraft.dirt":5,"stat.sprintOneCm":8177,"stat.pickup.minecraft.bow":1,"stat.useItem.minecraft.cooked_chicken":5,"stat.craftingTableInteraction":1,"stat.pickup.minecraft.rotten_flesh":2,"stat.killEntity.Skeleton":1,"stat.useItem.minecraft.bed":2,"stat.killEntity.Chicken":1,"stat.useItem.minecraft.egg":4,"stat.damageTaken":260,"stat.pickup.minecraft.feather":1,"stat.mineBlock.minecraft.torch":4,"stat.mobKills":4,"stat.pickup.minecraft.cobblestone":3,"stat.pickup.minecraft.planks":5,"stat.flyOneCm":2555,"stat.pickup.minecraft.bed":2,"stat.mineBlock.minecraft.planks":5,"stat.craftItem.minecraft.iron_shovel":1,"stat.pickup.minecraft.brown_mushroom":1,"stat.pickup.minecraft.egg":4,"stat.playOneMinute":29893,"stat.mineBlock.minecraft.gravel":379,"stat.pickup.minecraft.torch":4,"stat.sneakTime":1978,"stat.damageDealt":81,"stat.sleepInBed":1,"stat.killEntity.Zombie":1,"stat.timeSinceDeath":29893,"stat.mineBlock.minecraft.dirt":7,"stat.useItem.minecraft.iron_pickaxe":10,"stat.mineBlock.minecraft.stone":5,"stat.diveOneCm":102,"stat.useItem.minecraft.iron_shovel":361}