{"stat.chestOpened":74,"stat.pickup.minecraft.bone":8,"stat.pickup.minecraft.gravel":15,"stat.leaveGame":3,"stat.pickup.minecraft.arrow":1,"stat.useItem.minecraft.glass_bottle":3,"stat.useItem.minecraft.chicken":2,"stat.pickup.minecraft.flint":1,"stat.useItem.minecraft.potion":3,"stat.useItem.minecraft.rotten_flesh":1,"stat.jump":754,"stat.swimOneCm":4995,"stat.fallOneCm":21500,"stat.climbOneCm":20320,"stat.pickup.minecraft.gunpowder":5,"stat.craftItem.minecraft.bread":1,"stat.crouchOneCm":28378,"stat.pickup.minecraft.spider_eye":3,"stat.pickup.minecraft.dirt":36,"stat.useItem.minecraft.dirt":236,"stat.useItem.minecraft.cooked_chicken":9,"stat.craftingTableInteraction":11,"stat.pickup.minecraft.iron_ore":23,"stat.pickup.minecraft.rotten_flesh":7,"stat.pickup.minecraft.sand":69,"stat.useItem.minecraft.sapling":4,"stat.useItem.minecraft.egg":128,"stat.damageTaken":1200,"stat.pickup.minecraft.feather":2,"stat.mineBlock.minecraft.torch":13,"stat.craftItem.minecraft.stone_pickaxe":2,"stat.useItem.minecraft.reeds":44,"stat.useItem.minecraft.carrot_on_a_stick":16,"stat.mineBlock.minecraft.sapling":4,"stat.pickup.minecraft.cobblestone":1,"stat.pickup.minecraft.reeds":126,"stat.useItem.minecraft.stone_shovel":103,"stat.flyOneCm":50803,"stat.craftItem.minecraft.glass_bottle":3,"stat.pickup.minecraft.wheat_seeds":8,"stat.mineBlock.minecraft.sand":70,"stat.mineBlock.minecraft.gravel":16,"stat.useItem.minecraft.stone_pickaxe":24,"stat.useItem.minecraft.stone_sword":91,"stat.damageDealt":2368,"stat.craftItem.minecraft.glass":64,"stat.mineBlock.minecraft.iron_ore":23,"stat.sleepInBed":5,"stat.timeSinceDeath":4403,"stat.mineBlock.minecraft.dirt":25,"stat.pickup.minecraft.double_plant":8,"stat.killEntity.Bat":1,"stat.walkOneCm":475267,"stat.useItem.minecraft.torch":17,"stat.useItem.minecraft.bread":1,"stat.furnaceInteraction":10,"stat.drop.minecraft.gravel":5,"stat.useItem.minecraft.gravel":3,"stat.mineBlock.minecraft.double_plant":5,"stat.killEntity.Creeper":3,"stat.pickup.minecraft.string":9,"stat.useItem.minecraft.double_plant":1,"stat.pickup.minecraft.chicken":2,"stat.craftItem.minecraft.hay_block":1,"stat.pickup.minecraft.sapling":4,"stat.sprintOneCm":210081,"stat.killEntity.Skeleton":1,"stat.craftItem.minecraft.carrot_on_a_stick":1,"stat.killEntity.Chicken":2,"stat.useItem.minecraft.wheat_seeds":3,"stat.killEntity.Spider":8,"stat.craftItem.minecraft.fishing_rod":1,"stat.mobKills":16,"stat.deaths":1,"stat.craftItem.minecraft.sugar":2,"stat.drop":5,"stat.pickup.minecraft.egg":79,"stat.craftItem.minecraft.paper":18,"stat.playOneMinute":84227,"stat.pickup.minecraft.torch":13,"stat.sneakTime":5891,"stat.killEntity.Zombie":1,"stat.craftItem.minecraft.dye":49,"stat.craftItem.minecraft.map":1,"stat.craftItem.minecraft.compass":1,"stat.breakItem.minecraft.stone_sword":1,"stat.mineBlock.minecraft.stone":1,"stat.mineBlock.minecraft.tallgrass":4,"stat.diveOneCm":1020,"stat.pickup.minecraft.wheat":3}