{"stat.useItem.minecraft.bow":156,"stat.pickup.minecraft.wooden_slab":1,"stat.leaveGame":8,"stat.craftItem.minecraft.shield":1,"stat.useItem.minecraft.planks":72,"stat.useItem.minecraft.water_bucket":2,"stat.pickup.minecraft.rotten_flesh":109,"stat.pickup.minecraft.sand":69,"stat.pickup.minecraft.bucket":2,"stat.pickup.minecraft.leather_boots":4,"stat.useItem.minecraft.anvil":1,"stat.useItem.minecraft.brown_mushroom":18,"stat.pickup.minecraft.brown_mushroom":20,"stat.mineBlock.minecraft.sand":16,"stat.killEntity.Witch":1,"stat.craftItem.minecraft.cooked_fish":8,"stat.useItem.minecraft.iron_pickaxe":1610,"stat.craftItem.minecraft.birch_door":3,"stat.pickup.minecraft.armor_stand":3,"stat.furnaceInteraction":35,"stat.killEntity.ZombieVillager":2,"stat.pickup.minecraft.wooden_button":1,"stat.pickup.minecraft.filled_map":2,"stat.mineBlock.minecraft.wooden_button":1,"stat.useItem.minecraft.redstone":1,"stat.pickup.minecraft.iron_chestplate":3,"stat.useItem.minecraft.stone_stairs":61,"stat.pickup.minecraft.stone_stairs":9,"stat.useItem.minecraft.flint_and_steel":7,"stat.useItem.minecraft.wooden_button":1,"stat.pickup.minecraft.emerald":1,"stat.useItem.minecraft.dye":3,"stat.deaths":6,"stat.pickup.minecraft.bowl":1,"stat.pickup.minecraft.egg":577,"stat.playOneMinute":456845,"stat.pickup.minecraft.birch_door":2,"stat.craftItem.minecraft.iron_pickaxe":8,"stat.useItem.minecraft.shears":127,"stat.mineBlock.minecraft.tallgrass":57,"stat.fishCaught":15,"stat.chestOpened":273,"stat.useItem.minecraft.stone":30,"stat.pickup.minecraft.arrow":69,"stat.pickup.minecraft.wooden_pressure_plate":5,"stat.craftItem.minecraft.redstone_torch":1,"stat.useItem.minecraft.clay":1,"stat.craftItem.minecraft.coal":18,"stat.craftItem.minecraft.iron_nugget":9,"stat.pickup.minecraft.cooked_chicken":12,"stat.fallOneCm":56091,"stat.drop.minecraft.stone_sword":1,"stat.crouchOneCm":42564,"stat.mineBlock.minecraft.chest":2,"stat.craftItem.minecraft.iron_ingot":74,"stat.craftingTableInteraction":96,"stat.mineBlock.minecraft.wooden_pressure_plate":5,"stat.pickup.minecraft.repeater":1,"stat.pickup.minecraft.feather":39,"stat.drop.minecraft.iron_leggings":1,"stat.pickup.minecraft.dye":26,"stat.pickup.minecraft.planks":342,"stat.pickup.minecraft.iron_leggings":3,"stat.pickup.minecraft.wheat_seeds":26,"stat.mineBlock.minecraft.gravel":157,"stat.breakItem.minecraft.stone_axe":1,"stat.useItem.minecraft.stone_pickaxe":173,"stat.useItem.minecraft.stone_sword":102,"stat.killEntity.Rabbit":1,"stat.mineBlock.minecraft.dirt":174,"stat.drop.minecraft.iron_axe":1,"stat.mineBlock.minecraft.monster_egg":1,"stat.useItem.minecraft.torch":149,"stat.useItem.minecraft.bread":1,"stat.craftItem.minecraft.redstone_block":22,"stat.craftItem.minecraft.stone_stairs":72,"stat.pickup.minecraft.crafting_table":1,"stat.useItem.minecraft.cobblestone":346,"stat.useItem.minecraft.gravel":84,"stat.mineBlock.minecraft.double_plant":1,"stat.mineBlock.minecraft.emerald_ore":1,"stat.pickup.minecraft.log":197,"stat.drop.minecraft.chicken":1,"stat.pickup.minecraft.iron_pickaxe":2,"stat.useItem.minecraft.yellow_flower":1,"stat.craftItem.minecraft.gold_ingot":19,"stat.pickup.minecraft.tallgrass":10,"stat.pickup.minecraft.chicken":38,"stat.pickup.minecraft.sapling":3,"stat.useItem.minecraft.tallgrass":19,"stat.useItem.minecraft.birch_door":4,"stat.drop.minecraft.bow":1,"stat.pickup.minecraft.beetroot":9,"stat.pickup.minecraft.coal_block":1,"stat.drop.minecraft.fish":1,"stat.craftItem.minecraft.bucket":1,"stat.craftItem.minecraft.planks":32,"stat.pickup.minecraft.stone_sword":2,"stat.craftItem.minecraft.fishing_rod":1,"stat.useItem.minecraft.wooden_pressure_plate":5,"stat.useItem.minecraft.stonebrick":1,"stat.mineBlock.minecraft.log":9,"stat.craftItem.minecraft.cooked_chicken":39,"stat.useItem.minecraft.stone_hoe":40,"stat.craftItem.minecraft.paper":30,"stat.useItem.minecraft.beetroot_seeds":15,"stat.sneakTime":12444,"stat.pickup.minecraft.wool":31,"stat.pickup.minecraft.rabbit":1,"stat.pickup.minecraft.stone_slab":11,"stat.pickup.minecraft.yellow_flower":1,"stat.useItem.minecraft.beetroot":9,"stat.useItem.minecraft.fishing_rod":56,"stat.pickup.minecraft.chest":4,"stat.pickup.minecraft.bone":32,"stat.pickup.minecraft.redstone_torch":6,"stat.useItem.minecraft.repeater":1,"stat.useItem.minecraft.iron_axe":37,"stat.mineBlock.minecraft.cobblestone":7,"stat.pickup.minecraft.flint":17,"stat.mineBlock.minecraft.yellow_flower":1,"stat.entityKilledBy.Witch":1,"stat.mineBlock.minecraft.brown_mushroom":19,"stat.swimOneCm":17810,"stat.climbOneCm":165469,"stat.craftItem.minecraft.gold_block":2,"stat.breakItem.minecraft.iron_pickaxe":6,"stat.craftItem.minecraft.arrow":160,"stat.useItem.minecraft.redstone_torch":6,"stat.useItem.minecraft.dirt":369,"stat.pickup.minecraft.bow":6,"stat.pickup.minecraft.iron_boots":3,"stat.pickup.minecraft.stone_hoe":1,"stat.craftItem.minecraft.lapis_block":1,"stat.useItem.minecraft.egg":448,"stat.craftItem.minecraft.iron_boots":1,"stat.pickup.minecraft.shears":1,"stat.pickup.minecraft.cobblestone":1181,"stat.mineBlock.minecraft.clay":2,"stat.useItem.minecraft.stone_shovel":105,"stat.flyOneCm":293407,"stat.drop.minecraft.iron_helmet":1,"stat.pickup.minecraft.sandstone":7,"stat.pickup.minecraft.fish":16,"stat.drop.minecraft.wheat_seeds":3,"stat.pickup.minecraft.redstone":368,"stat.mineBlock.minecraft.iron_ore":49,"stat.timeSinceDeath":6955,"stat.useItem.minecraft.wooden_slab":2,"stat.craftItem.minecraft.iron_block":16,"stat.craftItem.minecraft.stonebrick":4,"stat.drop.minecraft.beetroot_seeds":2,"stat.mineBlock.minecraft.coal_ore":303,"stat.killEntity.Creeper":14,"stat.pickup.minecraft.shield":2,"stat.useItem.minecraft.armor_stand":4,"stat.talkedToVillager":2,"stat.pickup.minecraft.string":11,"stat.useItem.minecraft.milk_bucket":2,"stat.entityKilledBy.Skeleton":2,"stat.sprintOneCm":1097840,"stat.mineBlock.minecraft.stone_slab":7,"stat.craftItem.minecraft.stick":228,"stat.useItem.minecraft.bed":2,"stat.craftItem.minecraft.stone":145,"stat.mineBlock.minecraft.diamond_ore":6,"stat.craftItem.minecraft.armor_stand":1,"stat.mineBlock.minecraft.crafting_table":1,"stat.useItem.minecraft.carrot":1,"stat.useItem.minecraft.bucket":31,"stat.pickup.minecraft.sugar":1,"stat.mineBlock.minecraft.planks":51,"stat.drop":143,"stat.drop.minecraft.iron_boots":1,"stat.killEntity.Zombie":6,"stat.craftItem.minecraft.dye":27,"stat.craftItem.minecraft.clay":1,"stat.mineBlock.minecraft.gold_ore":19,"stat.diveOneCm":3502,"stat.pickup.minecraft.wheat":11,"stat.craftItem.minecraft.sandstone":1,"stat.craftItem.minecraft.ladder":60,"stat.pickup.minecraft.gravel":139,"stat.useItem.minecraft.chicken":3,"stat.pickup.minecraft.stone_axe":1,"stat.useItem.minecraft.rotten_flesh":50,"stat.jump":3966,"stat.useItem.minecraft.sand":14,"stat.pickup.minecraft.coal":303,"stat.pickup.minecraft.iron_helmet":3,"stat.useItem.minecraft.stone_axe":62,"stat.useItem.minecraft.piston":4,"stat.craftItem.minecraft.bread":1,"stat.pickup.minecraft.gunpowder":54,"stat.pickup.minecraft.spider_eye":3,"stat.craftItem.minecraft.torch":68,"stat.pickup.minecraft.dirt":503,"stat.craftItem.minecraft.iron_helmet":1,"stat.useItem.minecraft.cooked_chicken":26,"stat.pickup.minecraft.iron_ore":49,"stat.useItem.minecraft.glass":11,"stat.pickup.minecraft.gold_ore":19,"stat.useItem.minecraft.sapling":13,"stat.mineBlock.minecraft.lapis_ore":2,"stat.craftItem.minecraft.flint_and_steel":1,"stat.pickup.minecraft.leaves":107,"stat.pickup.minecraft.iron_axe":3,"stat.mineBlock.minecraft.stone_stairs":9,"stat.damageTaken":3364,"stat.mineBlock.minecraft.torch":67,"stat.pickup.minecraft.bed":2,"stat.damageDealt":4928,"stat.craftItem.minecraft.glass":2,"stat.sleepInBed":17,"stat.craftItem.minecraft.anvil":1,"stat.killEntity.Silverfish":4,"stat.pickup.minecraft.piston":4,"stat.breakItem.minecraft.fishing_rod":1,"stat.walkOneCm":1880267,"stat.animalsBred":25,"stat.useItem.minecraft.chest":4,"stat.pickup.minecraft.stick":2,"stat.pickup.minecraft.clay_ball":12,"stat.useItem.minecraft.lava_bucket":29,"stat.breakItem.minecraft.stone_pickaxe":2,"stat.drop.minecraft.iron_chestplate":1,"stat.pickup.minecraft.stone":205,"stat.craftItem.minecraft.hay_block":1,"stat.craftItem.minecraft.redstone":9,"stat.drop.minecraft.egg":126,"stat.useItem.minecraft.leaves":107,"stat.killEntity.Skeleton":9,"stat.killEntity.Chicken":53,"stat.mineBlock.minecraft.redstone_torch":6,"stat.killEntity.Spider":8,"stat.drop.minecraft.filled_map":2,"stat.mobKills":110,"stat.craftItem.minecraft.shears":1,"stat.pickup.minecraft.diamond":6,"stat.mineBlock.minecraft.leaves":130,"stat.pickup.minecraft.beetroot_seeds":19,"stat.mineBlock.minecraft.piston":4,"stat.pickup.minecraft.torch":101,"stat.mineBlock.minecraft.redstone_ore":81,"stat.pickup.minecraft.lava_bucket":2,"stat.craftItem.minecraft.coal_block":30,"stat.drop.minecraft.stone_axe":1,"stat.craftItem.minecraft.map":1,"stat.craftItem.minecraft.compass":2,"stat.mineBlock.minecraft.stone":1229}