{"stat.chestOpened":4,"stat.craftItem.minecraft.ladder":6,"stat.pickup.minecraft.wooden_slab":5,"stat.leaveGame":1,"stat.breakItem.minecraft.wooden_axe":1,"stat.craftItem.minecraft.coal":6,"stat.jump":416,"stat.swimOneCm":5207,"stat.fallOneCm":3798,"stat.useItem.minecraft.planks":103,"stat.climbOneCm":3268,"stat.useItem.minecraft.stone_axe":205,"stat.pickup.minecraft.gunpowder":2,"stat.mineBlock.minecraft.chest":1,"stat.pickup.minecraft.spider_eye":1,"stat.craftItem.minecraft.chest":1,"stat.craftItem.minecraft.torch":4,"stat.pickup.minecraft.dirt":502,"stat.useItem.minecraft.dirt":486,"stat.craftingTableInteraction":17,"stat.pickup.minecraft.rotten_flesh":4,"stat.pickup.minecraft.sand":62,"stat.craftItem.minecraft.furnace":1,"stat.craftItem.minecraft.stone_axe":2,"stat.mineBlock.minecraft.glass_pane":4,"stat.damageTaken":30,"stat.pickup.minecraft.leather":1,"stat.pickup.minecraft.feather":8,"stat.mineBlock.minecraft.torch":8,"stat.mineBlock.minecraft.red_flower":5,"stat.useItem.minecraft.furnace":1,"stat.pickup.minecraft.cobblestone":55,"stat.mineBlock.minecraft.wooden_slab":5,"stat.pickup.minecraft.dye":5,"stat.pickup.minecraft.planks":10,"stat.useItem.minecraft.stone_shovel":511,"stat.flyOneCm":20631,"stat.pickup.minecraft.wheat_seeds":14,"stat.pickup.minecraft.brown_mushroom":1,"stat.mineBlock.minecraft.sand":64,"stat.useItem.minecraft.stone_pickaxe":60,"stat.breakItem.minecraft.stone_axe":1,"stat.craftItem.minecraft.wooden_slab":24,"stat.damageDealt":1134,"stat.craftItem.minecraft.glass":6,"stat.timeSinceDeath":83271,"stat.killEntity.Cow":1,"stat.useItem.minecraft.crafting_table":3,"stat.mineBlock.minecraft.dirt":493,"stat.useItem.minecraft.wooden_slab":26,"stat.craftItem.minecraft.stone_shovel":4,"stat.pickup.minecraft.double_plant":1,"stat.walkOneCm":354363,"stat.useItem.minecraft.bread":1,"stat.useItem.minecraft.torch":10,"stat.useItem.minecraft.chest":2,"stat.craftItem.minecraft.glass_pane":16,"stat.pickup.minecraft.crafting_table":1,"stat.craftItem.minecraft.crafting_table":2,"stat.furnaceInteraction":4,"stat.killEntity.Wolf":2,"stat.mineBlock.minecraft.double_plant":2,"stat.pickup.minecraft.log":112,"stat.pickup.minecraft.string":1,"stat.mineBlock.minecraft.ladder":5,"stat.pickup.minecraft.beef":3,"stat.pickup.minecraft.stone":2,"stat.pickup.minecraft.chicken":5,"stat.killEntity.Squid":2,"stat.sprintOneCm":75172,"stat.pickup.minecraft.wooden_door":3,"stat.pickup.minecraft.apple":1,"stat.pickup.minecraft.ladder":7,"stat.craftItem.minecraft.stick":12,"stat.useItem.minecraft.glass_pane":6,"stat.breakItem.minecraft.stone_shovel":3,"stat.craftItem.minecraft.planks":368,"stat.killEntity.Chicken":5,"stat.mineBlock.minecraft.crafting_table":1,"stat.killEntity.Spider":1,"stat.mobKills":13,"stat.mineBlock.minecraft.log":112,"stat.craftItem.minecraft.wooden_door":3,"stat.useItem.minecraft.wooden_door":5,"stat.mineBlock.minecraft.planks":10,"stat.pickup.minecraft.egg":1,"stat.mineBlock.minecraft.leaves":12,"stat.playOneMinute":83271,"stat.pickup.minecraft.torch":7,"stat.pickup.minecraft.red_flower":7,"stat.useItem.minecraft.ladder":13,"stat.useItem.minecraft.wooden_axe":50,"stat.mineBlock.minecraft.stone":58,"stat.mineBlock.minecraft.tallgrass":119,"stat.diveOneCm":5346,"stat.pickup.minecraft.chest":1}