{"stat.chestOpened":6,"stat.pickup.minecraft.rotten_flesh":1,"stat.useItem.minecraft.bow":17,"stat.killEntity.Bat":1,"stat.killEntity.Skeleton":2,"stat.walkOneCm":38345,"stat.pickup.minecraft.bone":3,"stat.leaveGame":1,"stat.pickup.minecraft.arrow":2,"stat.damageTaken":130,"stat.mobKills":5,"stat.mineBlock.minecraft.brown_mushroom":3,"stat.killEntity.Creeper":1,"stat.useItem.minecraft.rotten_flesh":2,"stat.flyOneCm":3958,"stat.pickup.minecraft.brown_mushroom":2,"stat.jump":78,"stat.pickup.minecraft.egg":5,"stat.playOneMinute":6297,"stat.fallOneCm":836,"stat.damageDealt":10,"stat.pickup.minecraft.gunpowder":1,"stat.killEntity.Zombie":1,"stat.mineBlock.minecraft.chest":1,"stat.timeSinceDeath":6297,"stat.sprintOneCm":9007,"stat.pickup.minecraft.bow":1,"stat.pickup.minecraft.chest":1,"stat.useItem.minecraft.cooked_chicken":1}