{"stat.useItem.minecraft.bow":5,"stat.pickup.minecraft.bone":7,"stat.pickup.minecraft.wooden_slab":7,"stat.leaveGame":2,"stat.mineBlock.minecraft.cobblestone":1,"stat.pickup.minecraft.flint":1,"stat.mineBlock.minecraft.sandstone":8,"stat.swimOneCm":10422,"stat.climbOneCm":69802,"stat.useItem.minecraft.planks":6,"stat.pickup.minecraft.porkchop":6,"stat.breakItem.minecraft.iron_pickaxe":2,"stat.useItem.minecraft.dirt":250,"stat.useItem.minecraft.water_bucket":5,"stat.pickup.minecraft.rotten_flesh":17,"stat.pickup.minecraft.sand":2,"stat.entityKilledBy.Spider":1,"stat.useItem.minecraft.egg":234,"stat.pickup.minecraft.cobblestone":314,"stat.mineBlock.minecraft.wooden_slab":7,"stat.useItem.minecraft.stone_shovel":138,"stat.flyOneCm":124834,"stat.pickup.minecraft.sandstone":8,"stat.mineBlock.minecraft.sand":2,"stat.pickup.minecraft.redstone":108,"stat.mineBlock.minecraft.iron_ore":24,"stat.timeSinceDeath":125450,"stat.useItem.minecraft.fence_gate":3,"stat.useItem.minecraft.iron_pickaxe":438,"stat.useItem.minecraft.wooden_slab":6,"stat.pickup.minecraft.double_plant":15,"stat.useItem.minecraft.potato":8,"stat.useItem.minecraft.oak_stairs":11,"stat.furnaceInteraction":16,"stat.mineBlock.minecraft.coal_ore":68,"stat.killEntity.Creeper":7,"stat.talkedToVillager":20,"stat.pickup.minecraft.string":6,"stat.pickup.minecraft.fence_gate":1,"stat.useItem.minecraft.double_plant":1,"stat.useItem.minecraft.redstone":1,"stat.sprintOneCm":324103,"stat.useItem.minecraft.fence":23,"stat.craftItem.minecraft.stick":20,"stat.mineBlock.minecraft.fence":17,"stat.useItem.minecraft.wheat_seeds":36,"stat.craftItem.minecraft.fence_gate":2,"stat.useItem.minecraft.carrot":20,"stat.pickup.minecraft.emerald":1,"stat.useItem.minecraft.dye":36,"stat.useItem.minecraft.bucket":5,"stat.mineBlock.minecraft.oak_stairs":6,"stat.deaths":3,"stat.mineBlock.minecraft.planks":8,"stat.pickup.minecraft.egg":233,"stat.playOneMinute":182268,"stat.craftItem.minecraft.iron_pickaxe":2,"stat.craftItem.minecraft.emerald":1,"stat.killEntity.Zombie":13,"stat.craftItem.minecraft.dye":18,"stat.mineBlock.minecraft.tallgrass":11,"stat.diveOneCm":5919,"stat.pickup.minecraft.wheat":47,"stat.craftItem.minecraft.sandstone":4,"stat.chestOpened":90,"stat.pickup.minecraft.gravel":20,"stat.pickup.minecraft.arrow":14,"stat.craftItem.minecraft.cooked_porkchop":2,"stat.pickup.minecraft.wooden_pressure_plate":1,"stat.craftItem.minecraft.coal":53,"stat.useItem.minecraft.rotten_flesh":7,"stat.jump":1860,"stat.pickup.minecraft.fence":16,"stat.pickup.minecraft.coal":68,"stat.fallOneCm":45744,"stat.pickup.minecraft.carrot":22,"stat.useItem.minecraft.stone_axe":135,"stat.pickup.minecraft.gunpowder":9,"stat.crouchOneCm":42388,"stat.pickup.minecraft.spider_eye":4,"stat.craftItem.minecraft.iron_ingot":47,"stat.craftItem.minecraft.torch":16,"stat.pickup.minecraft.dirt":194,"stat.useItem.minecraft.cooked_chicken":11,"stat.craftingTableInteraction":19,"stat.pickup.minecraft.iron_ore":24,"stat.mineBlock.minecraft.wooden_pressure_plate":1,"stat.useItem.minecraft.sapling":1,"stat.pickup.minecraft.feather":11,"stat.damageTaken":2770,"stat.mineBlock.minecraft.torch":13,"stat.useItem.minecraft.reeds":22,"stat.tradedWithVillager":1,"stat.pickup.minecraft.planks":8,"stat.pickup.minecraft.reeds":64,"stat.pickup.minecraft.wheat_seeds":98,"stat.pickup.minecraft.potato":8,"stat.mineBlock.minecraft.fence_gate":1,"stat.pickup.minecraft.oak_stairs":6,"stat.mineBlock.minecraft.gravel":21,"stat.useItem.minecraft.stone_pickaxe":67,"stat.breakItem.minecraft.stone_axe":2,"stat.useItem.minecraft.stone_sword":42,"stat.damageDealt":6614,"stat.sleepInBed":5,"stat.craftItem.minecraft.oak_stairs":8,"stat.mineBlock.minecraft.dirt":230,"stat.killEntity.Pig":1,"stat.craftItem.minecraft.stone_shovel":1,"stat.walkOneCm":1005805,"stat.useItem.minecraft.torch":37,"stat.animalsBred":29,"stat.useItem.minecraft.chest":2,"stat.craftItem.minecraft.redstone_block":11,"stat.useItem.minecraft.cobblestone":16,"stat.mineBlock.minecraft.double_plant":8,"stat.mineBlock.minecraft.emerald_ore":1,"stat.pickup.minecraft.log":9,"stat.pickup.minecraft.stone":39,"stat.pickup.minecraft.chicken":13,"stat.craftItem.minecraft.hay_block":6,"stat.pickup.minecraft.sapling":1,"stat.breakItem.minecraft.stone_hoe":1,"stat.breakItem.minecraft.stone_shovel":1,"stat.killEntity.Skeleton":4,"stat.pickup.minecraft.beetroot":12,"stat.craftItem.minecraft.bucket":1,"stat.craftItem.minecraft.planks":4,"stat.killEntity.Chicken":13,"stat.killEntity.Spider":8,"stat.craftItem.minecraft.dirt":4,"stat.mobKills":46,"stat.useItem.minecraft.wooden_pressure_plate":2,"stat.mineBlock.minecraft.log":9,"stat.craftItem.minecraft.fence":24,"stat.useItem.minecraft.stone_hoe":58,"stat.mineBlock.minecraft.leaves":30,"stat.pickup.minecraft.beetroot_seeds":19,"stat.pickup.minecraft.torch":15,"stat.useItem.minecraft.beetroot_seeds":19,"stat.mineBlock.minecraft.redstone_ore":23,"stat.sneakTime":11276,"stat.craftItem.minecraft.coal_block":9,"stat.mineBlock.minecraft.stone":351,"stat.useItem.minecraft.beetroot":2,"stat.useItem.minecraft.sandstone":2}