{"stat.chestOpened":59,"stat.pickup.minecraft.bone":12,"stat.pickup.minecraft.wooden_slab":70,"stat.pickup.minecraft.gravel":168,"stat.leaveGame":1,"stat.pickup.minecraft.arrow":12,"stat.pickup.minecraft.wooden_pressure_plate":2,"stat.useItem.minecraft.chicken":1,"stat.pickup.minecraft.stone_axe":1,"stat.pickup.minecraft.flint":24,"stat.useItem.minecraft.apple":1,"stat.mineBlock.minecraft.brown_mushroom":4,"stat.useItem.minecraft.rotten_flesh":2,"stat.jump":1335,"stat.swimOneCm":3762,"stat.pickup.minecraft.fence":80,"stat.useItem.minecraft.planks":77,"stat.climbOneCm":47690,"stat.fallOneCm":63525,"stat.useItem.minecraft.stone_axe":230,"stat.craftItem.minecraft.bread":2,"stat.crouchOneCm":41854,"stat.mineBlock.minecraft.chest":1,"stat.pickup.minecraft.spider_eye":2,"stat.craftItem.minecraft.torch":12,"stat.pickup.minecraft.dirt":509,"stat.useItem.minecraft.dirt":499,"stat.craftingTableInteraction":24,"stat.pickup.minecraft.rotten_flesh":9,"stat.pickup.minecraft.stone_shovel":1,"stat.mineBlock.minecraft.wooden_pressure_plate":2,"stat.useItem.minecraft.sapling":21,"stat.useItem.minecraft.egg":601,"stat.craftItem.minecraft.stone_axe":3,"stat.damageTaken":6220,"stat.craftItem.minecraft.wooden_button":2,"stat.mineBlock.minecraft.red_flower":4,"stat.mineBlock.minecraft.torch":31,"stat.pickup.minecraft.cobblestone":13,"stat.mineBlock.minecraft.wooden_slab":59,"stat.pickup.minecraft.dye":2,"stat.pickup.minecraft.planks":70,"stat.useItem.minecraft.stone_shovel":264,"stat.craftItem.minecraft.stone_sword":1,"stat.flyOneCm":49452,"stat.useItem.minecraft.brown_mushroom":6,"stat.pickup.minecraft.wheat_seeds":96,"stat.pickup.minecraft.brown_mushroom":6,"stat.entityKilledBy.Zombie":1,"stat.mineBlock.minecraft.gravel":196,"stat.breakItem.minecraft.stone_axe":2,"stat.useItem.minecraft.stone_pickaxe":7,"stat.craftItem.minecraft.wooden_slab":24,"stat.useItem.minecraft.stone_sword":19,"stat.damageDealt":1221,"stat.sleepInBed":9,"stat.timeSinceDeath":3339,"stat.mineBlock.minecraft.dirt":204,"stat.useItem.minecraft.wooden_slab":89,"stat.craftItem.minecraft.stone_shovel":1,"stat.walkOneCm":870187,"stat.useItem.minecraft.torch":53,"stat.useItem.minecraft.bread":2,"stat.animalsBred":20,"stat.useItem.minecraft.chest":1,"stat.pickup.minecraft.stick":4,"stat.useItem.minecraft.cobblestone":4,"stat.useItem.minecraft.gravel":5,"stat.mineBlock.minecraft.double_plant":2,"stat.pickup.minecraft.log":68,"stat.pickup.minecraft.string":1,"stat.craftItem.minecraft.wheat":18,"stat.entityKilledBy.Skeleton":7,"stat.pickup.minecraft.hay_block":1,"stat.pickup.minecraft.chicken":1,"stat.craftItem.minecraft.hay_block":6,"stat.pickup.minecraft.sapling":21,"stat.sprintOneCm":204316,"stat.pickup.minecraft.wooden_door":8,"stat.useItem.minecraft.hay_block":1,"stat.pickup.minecraft.ladder":1,"stat.useItem.minecraft.fence":53,"stat.pickup.minecraft.apple":3,"stat.craftItem.minecraft.stick":60,"stat.breakItem.minecraft.stone_shovel":2,"stat.useItem.minecraft.birch_door":5,"stat.killEntity.Skeleton":3,"stat.craftItem.minecraft.planks":172,"stat.killEntity.Chicken":1,"stat.mineBlock.minecraft.fence":15,"stat.useItem.minecraft.wheat_seeds":47,"stat.craftItem.minecraft.dirt":328,"stat.killEntity.Spider":2,"stat.mobKills":8,"stat.useItem.minecraft.wooden_pressure_plate":4,"stat.craftItem.minecraft.wooden_pressure_plate":1,"stat.mineBlock.minecraft.log":68,"stat.useItem.minecraft.dye":2,"stat.craftItem.minecraft.fence":99,"stat.entityKilledBy.Creeper":1,"stat.useItem.minecraft.wooden_door":9,"stat.deaths":15,"stat.mineBlock.minecraft.planks":69,"stat.pickup.minecraft.egg":493,"stat.mineBlock.minecraft.leaves":7,"stat.playOneMinute":163279,"stat.pickup.minecraft.birch_door":4,"stat.pickup.minecraft.torch":33,"stat.pickup.minecraft.red_flower":6,"stat.useItem.minecraft.ladder":1,"stat.sneakTime":17655,"stat.killEntity.Zombie":1,"stat.mineBlock.minecraft.hay_block":1,"stat.mineBlock.minecraft.stone":3,"stat.mineBlock.minecraft.tallgrass":140,"stat.diveOneCm":599,"stat.pickup.minecraft.wheat":42,"stat.pickup.minecraft.chest":1}