{"stat.chestOpened":39,"stat.drop.minecraft.stone_pickaxe":1,"stat.craftItem.minecraft.mushroom_stew":4,"stat.useItem.minecraft.mushroom_stew":2,"stat.pickup.minecraft.bone":2,"stat.useItem.minecraft.stone":8,"stat.useItem.minecraft.iron_axe":69,"stat.leaveGame":1,"stat.pickup.minecraft.iron_sword":1,"stat.pickup.minecraft.arrow":1,"stat.craftItem.minecraft.cooked_porkchop":3,"stat.mineBlock.minecraft.cobblestone":4,"stat.pickup.minecraft.stone_pickaxe":1,"stat.pickup.minecraft.gold_nugget":5,"stat.craftItem.minecraft.coal":2,"stat.useItem.minecraft.rotten_flesh":9,"stat.killEntity.PigZombie":9,"stat.swimOneCm":3277,"stat.jump":852,"stat.pickup.minecraft.coal":14,"stat.climbOneCm":36889,"stat.fallOneCm":21739,"stat.useItem.minecraft.planks":3,"stat.entityKilledBy.PigZombie":1,"stat.pickup.minecraft.porkchop":3,"stat.crouchOneCm":13947,"stat.craftItem.minecraft.torch":12,"stat.craftItem.minecraft.iron_ingot":36,"stat.pickup.minecraft.dirt":3,"stat.useItem.minecraft.dirt":2,"stat.pickup.minecraft.red_mushroom":4,"stat.mineBlock.minecraft.red_mushroom":4,"stat.useItem.minecraft.cooked_chicken":1,"stat.drop.minecraft.iron_sword":1,"stat.craftingTableInteraction":6,"stat.pickup.minecraft.iron_ore":8,"stat.pickup.minecraft.rotten_flesh":9,"stat.pickup.minecraft.gold_ore":6,"stat.useItem.minecraft.egg":5,"stat.damageTaken":2565,"stat.mineBlock.minecraft.torch":14,"stat.craftItem.minecraft.stone_pickaxe":3,"stat.pickup.minecraft.cobblestone":175,"stat.entityKilledBy.ZombieVillager":1,"stat.flyOneCm":101436,"stat.pickup.minecraft.wheat_seeds":6,"stat.drop.minecraft.wheat_seeds":1,"stat.useItem.minecraft.stone_pickaxe":337,"stat.damageDealt":2859,"stat.pickup.minecraft.redstone":84,"stat.mineBlock.minecraft.iron_ore":9,"stat.sleepInBed":2,"stat.timeSinceDeath":68446,"stat.killEntity.Silverfish":4,"stat.mineBlock.minecraft.dirt":10,"stat.useItem.minecraft.iron_pickaxe":163,"stat.useItem.minecraft.crafting_table":1,"stat.killEntity.Pig":1,"stat.mineBlock.minecraft.monster_egg":3,"stat.walkOneCm":491888,"stat.useItem.minecraft.torch":19,"stat.useItem.minecraft.cobblestone":74,"stat.furnaceInteraction":6,"stat.craftItem.minecraft.crafting_table":1,"stat.useItem.minecraft.cooked_porkchop":1,"stat.killEntity.ZombieVillager":1,"stat.mineBlock.minecraft.coal_ore":14,"stat.breakItem.minecraft.stone_pickaxe":2,"stat.talkedToVillager":12,"stat.pickup.minecraft.string":2,"stat.pickup.minecraft.log":22,"stat.useItem.minecraft.cooked_mutton":2,"stat.pickup.minecraft.stone":20,"stat.pickup.minecraft.sapling":3,"stat.sprintOneCm":257159,"stat.mineBlock.minecraft.stone_slab":1,"stat.craftItem.minecraft.stick":12,"stat.useItem.minecraft.iron_sword":72,"stat.craftItem.minecraft.planks":16,"stat.mineBlock.minecraft.diamond_ore":4,"stat.killEntity.Spider":1,"stat.mobKills":17,"stat.mineBlock.minecraft.log":22,"stat.deaths":4,"stat.drop":3,"stat.pickup.minecraft.diamond":4,"stat.pickup.minecraft.egg":5,"stat.mineBlock.minecraft.leaves":6,"stat.playOneMinute":117865,"stat.pickup.minecraft.torch":14,"stat.mineBlock.minecraft.redstone_ore":19,"stat.sneakTime":3673,"stat.craftItem.minecraft.iron_pickaxe":1,"stat.pickup.minecraft.iron_block":4,"stat.killEntity.Zombie":1,"stat.pickup.minecraft.stone_slab":1,"stat.mineBlock.minecraft.stone":413,"stat.mineBlock.minecraft.gold_ore":6,"stat.diveOneCm":5318}