{"stat.chestOpened":32,"stat.craftItem.minecraft.stone_shovel":1,"stat.walkOneCm":415258,"stat.useItem.minecraft.torch":3,"stat.animalsBred":11,"stat.pickup.minecraft.wooden_slab":3,"stat.leaveGame":1,"stat.pickup.minecraft.crafting_table":1,"stat.pickup.minecraft.wooden_pressure_plate":24,"stat.useItem.minecraft.chicken":1,"stat.furnaceInteraction":1,"stat.craftItem.minecraft.crafting_table":1,"stat.mineBlock.minecraft.double_plant":18,"stat.pickup.minecraft.trapdoor":5,"stat.pickup.minecraft.wooden_button":3,"stat.craftItem.minecraft.coal":9,"stat.pickup.minecraft.string":2,"stat.swimOneCm":11175,"stat.jump":552,"stat.mineBlock.minecraft.ladder":3,"stat.useItem.minecraft.planks":101,"stat.fallOneCm":11756,"stat.climbOneCm":34913,"stat.mineBlock.minecraft.wooden_button":3,"stat.useItem.minecraft.stone_axe":17,"stat.pickup.minecraft.porkchop":1,"stat.pickup.minecraft.chicken":12,"stat.crouchOneCm":8769,"stat.pickup.minecraft.spider_eye":1,"stat.pickup.minecraft.dirt":247,"stat.useItem.minecraft.dirt":144,"stat.useItem.minecraft.trapdoor":5,"stat.sprintOneCm":65139,"stat.pickup.minecraft.wooden_door":11,"stat.pickup.minecraft.ladder":11,"stat.useItem.minecraft.cooked_chicken":2,"stat.craftingTableInteraction":9,"stat.breakItem.minecraft.stone_shovel":1,"stat.pickup.minecraft.rotten_flesh":2,"stat.useItem.minecraft.birch_door":1,"stat.mineBlock.minecraft.wooden_pressure_plate":23,"stat.craftItem.minecraft.planks":64,"stat.killEntity.Chicken":2,"stat.useItem.minecraft.egg":62,"stat.pickup.minecraft.feather":16,"stat.damageTaken":430,"stat.killEntity.Spider":2,"stat.mineBlock.minecraft.crafting_table":1,"stat.useItem.minecraft.wooden_button":3,"stat.craftItem.minecraft.wooden_button":1,"stat.mineBlock.minecraft.torch":1,"stat.mobKills":7,"stat.useItem.minecraft.wooden_pressure_plate":26,"stat.mineBlock.minecraft.wooden_slab":3,"stat.craftItem.minecraft.wooden_pressure_plate":4,"stat.craftItem.minecraft.wooden_door":6,"stat.pickup.minecraft.planks":19,"stat.useItem.minecraft.wooden_door":16,"stat.useItem.minecraft.stone_shovel":168,"stat.flyOneCm":14929,"stat.mineBlock.minecraft.planks":19,"stat.deaths":1,"stat.pickup.minecraft.wheat_seeds":24,"stat.pickup.minecraft.egg":65,"stat.mineBlock.minecraft.leaves":1,"stat.playOneMinute":83800,"stat.pickup.minecraft.birch_door":1,"stat.pickup.minecraft.torch":1,"stat.craftItem.minecraft.wooden_slab":6,"stat.useItem.minecraft.ladder":8,"stat.sneakTime":6108,"stat.useItem.minecraft.stone_sword":12,"stat.damageDealt":639,"stat.sleepInBed":5,"stat.timeSinceDeath":3623,"stat.mineBlock.minecraft.dirt":255,"stat.useItem.minecraft.crafting_table":2,"stat.killEntity.Pig":1,"stat.useItem.minecraft.wooden_slab":7,"stat.mineBlock.minecraft.tallgrass":132,"stat.diveOneCm":14635}