{"stat.chestOpened":11,"stat.walkOneCm":159554,"stat.pickup.minecraft.bone":2,"stat.animalsBred":1,"stat.pickup.minecraft.wooden_slab":2,"stat.leaveGame":1,"stat.pickup.minecraft.arrow":1,"stat.furnaceInteraction":1,"stat.mineBlock.minecraft.double_plant":1,"stat.killEntity.ZombieVillager":1,"stat.killEntity.Creeper":2,"stat.pickup.minecraft.string":4,"stat.useItem.minecraft.rotten_flesh":9,"stat.jump":96,"stat.swimOneCm":169,"stat.useItem.minecraft.planks":1,"stat.fallOneCm":478,"stat.pickup.minecraft.iron_ingot":1,"stat.pickup.minecraft.carrot":2,"stat.entityKilledBy.Skeleton":1,"stat.drop.minecraft.stone_sword":1,"stat.pickup.minecraft.gunpowder":4,"stat.crouchOneCm":1272,"stat.pickup.minecraft.chicken":1,"stat.pickup.minecraft.dirt":23,"stat.useItem.minecraft.dirt":1,"stat.sprintOneCm":30081,"stat.pickup.minecraft.rotten_flesh":22,"stat.killEntity.Skeleton":2,"stat.useItem.minecraft.egg":2,"stat.killEntity.Chicken":1,"stat.damageTaken":440,"stat.killEntity.Spider":4,"stat.pickup.minecraft.feather":1,"stat.pickup.minecraft.stone_sword":3,"stat.mobKills":21,"stat.mineBlock.minecraft.wooden_slab":1,"stat.pickup.minecraft.planks":1,"stat.flyOneCm":6641,"stat.mineBlock.minecraft.planks":1,"stat.deaths":1,"stat.drop":1,"stat.pickup.minecraft.wheat_seeds":3,"stat.pickup.minecraft.egg":45,"stat.playOneMinute":16961,"stat.pickup.minecraft.red_flower":2,"stat.useItem.minecraft.stone_sword":164,"stat.sneakTime":329,"stat.damageDealt":3621,"stat.killEntity.Zombie":11,"stat.sleepInBed":1,"stat.timeSinceDeath":6685,"stat.mineBlock.minecraft.dirt":5,"stat.mineBlock.minecraft.tallgrass":64}