{"stat.chestOpened":55,"stat.craftItem.minecraft.stone_shovel":2,"stat.useItem.minecraft.bow":72,"stat.walkOneCm":311087,"stat.useItem.minecraft.torch":3,"stat.pickup.minecraft.bone":15,"stat.pickup.minecraft.gravel":136,"stat.leaveGame":1,"stat.pickup.minecraft.arrow":18,"stat.pickup.minecraft.flint":19,"stat.furnaceInteraction":4,"stat.mineBlock.minecraft.yellow_flower":2,"stat.useItem.minecraft.gravel":142,"stat.mineBlock.minecraft.brown_mushroom":6,"stat.killEntity.Creeper":2,"stat.useItem.minecraft.rotten_flesh":8,"stat.pickup.minecraft.string":1,"stat.craftItem.minecraft.writable_book":1,"stat.jump":579,"stat.swimOneCm":4960,"stat.fallOneCm":8812,"stat.climbOneCm":11272,"stat.useItem.minecraft.planks":1,"stat.pickup.minecraft.beef":2,"stat.entityKilledBy.Skeleton":1,"stat.pickup.minecraft.porkchop":9,"stat.crouchOneCm":1006,"stat.pickup.minecraft.chicken":4,"stat.pickup.minecraft.spider_eye":4,"stat.pickup.minecraft.sapling":1,"stat.pickup.minecraft.dirt":18,"stat.sprintOneCm":124833,"stat.pickup.minecraft.wooden_door":2,"stat.pickup.minecraft.red_mushroom":1,"stat.entityKilledBy.Enderman":1,"stat.pickup.minecraft.bow":2,"stat.useItem.minecraft.cooked_chicken":7,"stat.mineBlock.minecraft.red_mushroom":1,"stat.craftingTableInteraction":9,"stat.breakItem.minecraft.stone_shovel":2,"stat.pickup.minecraft.rotten_flesh":15,"stat.killEntity.Skeleton":5,"stat.useItem.minecraft.sapling":1,"stat.useItem.minecraft.egg":70,"stat.killEntity.Chicken":5,"stat.useItem.minecraft.wheat_seeds":3,"stat.damageTaken":880,"stat.killEntity.Spider":6,"stat.pickup.minecraft.feather":5,"stat.pickup.minecraft.leather":1,"stat.pickup.minecraft.stone_sword":6,"stat.mineBlock.minecraft.torch":2,"stat.mineBlock.minecraft.red_flower":19,"stat.useItem.minecraft.reeds":45,"stat.mobKills":33,"stat.useItem.minecraft.dye":1,"stat.useItem.minecraft.stone_hoe":3,"stat.useItem.minecraft.stone_shovel":140,"stat.useItem.minecraft.wooden_door":2,"stat.pickup.minecraft.reeds":66,"stat.flyOneCm":28305,"stat.deaths":2,"stat.craftItem.minecraft.sugar":1,"stat.pickup.minecraft.brown_mushroom":6,"stat.pickup.minecraft.wheat_seeds":7,"stat.mineBlock.minecraft.leaves":9,"stat.pickup.minecraft.egg":69,"stat.craftItem.minecraft.paper":3,"stat.useItem.minecraft.writable_book":1,"stat.playOneMinute":60461,"stat.pickup.minecraft.torch":2,"stat.mineBlock.minecraft.gravel":157,"stat.killEntity.Sheep":3,"stat.pickup.minecraft.red_flower":18,"stat.useItem.minecraft.stone_sword":87,"stat.sneakTime":689,"stat.pickup.minecraft.wool":3,"stat.damageDealt":1988,"stat.craftItem.minecraft.book":1,"stat.sleepInBed":3,"stat.killEntity.Zombie":4,"stat.timeSinceDeath":43585,"stat.pickup.minecraft.yellow_flower":1,"stat.killEntity.Cow":1,"stat.mineBlock.minecraft.dirt":1,"stat.killEntity.Pig":5,"stat.mineBlock.minecraft.tallgrass":8,"stat.diveOneCm":4488,"stat.pickup.minecraft.mutton":5,"stat.pickup.minecraft.wheat":3}