{"stat.useItem.minecraft.bow":40,"stat.pickup.minecraft.bone":7,"stat.pickup.minecraft.wooden_slab":24,"stat.useItem.minecraft.iron_axe":27,"stat.leaveGame":8,"stat.pickup.minecraft.flint":67,"stat.pickup.minecraft.leather_chestplate":1,"stat.mineBlock.minecraft.brown_mushroom":9,"stat.swimOneCm":41577,"stat.useItem.minecraft.planks":245,"stat.climbOneCm":24158,"stat.craftItem.minecraft.arrow":128,"stat.useItem.minecraft.dirt":240,"stat.mineBlock.minecraft.red_mushroom":5,"stat.pickup.minecraft.rotten_flesh":5,"stat.pickup.minecraft.stone_hoe":1,"stat.useItem.minecraft.red_flower":2,"stat.useItem.minecraft.egg":1580,"stat.craftItem.minecraft.stone_axe":7,"stat.pickup.minecraft.cobblestone":21,"stat.mineBlock.minecraft.wooden_slab":22,"stat.useItem.minecraft.stone_shovel":523,"stat.craftItem.minecraft.stone_sword":5,"stat.flyOneCm":69629,"stat.useItem.minecraft.brown_mushroom":4,"stat.pickup.minecraft.brown_mushroom":9,"stat.mineBlock.minecraft.sand":1,"stat.killEntity.Witch":1,"stat.useItem.minecraft.red_mushroom":5,"stat.craftItem.minecraft.wooden_slab":6,"stat.mineBlock.minecraft.iron_ore":14,"stat.timeSinceDeath":4788,"stat.useItem.minecraft.fence_gate":1,"stat.useItem.minecraft.wooden_slab":34,"stat.furnaceInteraction":27,"stat.mineBlock.minecraft.coal_ore":43,"stat.killEntity.Creeper":8,"stat.pickup.minecraft.string":4,"stat.entityKilledBy.Skeleton":2,"stat.sprintOneCm":380205,"stat.mineBlock.minecraft.stone_slab":3,"stat.useItem.minecraft.fence":72,"stat.craftItem.minecraft.stick":132,"stat.useItem.minecraft.stone_slab":6,"stat.mineBlock.minecraft.fence":16,"stat.useItem.minecraft.wheat_seeds":100,"stat.craftItem.minecraft.fence_gate":1,"stat.useItem.minecraft.dye":3,"stat.mineBlock.minecraft.planks":17,"stat.deaths":3,"stat.pickup.minecraft.egg":1587,"stat.playOneMinute":300120,"stat.pickup.minecraft.birch_door":1,"stat.killEntity.Zombie":8,"stat.craftItem.minecraft.dye":28,"stat.mineBlock.minecraft.tallgrass":43,"stat.diveOneCm":22017,"stat.pickup.minecraft.wheat":82,"stat.chestOpened":201,"stat.pickup.minecraft.gravel":763,"stat.pickup.minecraft.arrow":4,"stat.pickup.minecraft.wooden_pressure_plate":4,"stat.useItem.minecraft.chicken":1,"stat.useItem.minecraft.apple":7,"stat.craftItem.minecraft.coal":132,"stat.useItem.minecraft.rotten_flesh":5,"stat.jump":2603,"stat.pickup.minecraft.fence":14,"stat.pickup.minecraft.coal":43,"stat.fallOneCm":34253,"stat.useItem.minecraft.stone_axe":750,"stat.pickup.minecraft.gunpowder":4,"stat.crouchOneCm":8851,"stat.pickup.minecraft.spider_eye":3,"stat.craftItem.minecraft.torch":192,"stat.craftItem.minecraft.iron_ingot":14,"stat.pickup.minecraft.dirt":519,"stat.pickup.minecraft.red_mushroom":5,"stat.useItem.minecraft.cooked_chicken":13,"stat.craftingTableInteraction":38,"stat.pickup.minecraft.iron_ore":22,"stat.mineBlock.minecraft.wooden_pressure_plate":2,"stat.pickup.minecraft.stone_shovel":1,"stat.useItem.minecraft.sapling":119,"stat.pickup.minecraft.iron_axe":1,"stat.damageTaken":1900,"stat.pickup.minecraft.feather":185,"stat.mineBlock.minecraft.torch":41,"stat.mineBlock.minecraft.red_flower":4,"stat.useItem.minecraft.reeds":55,"stat.mineBlock.minecraft.sapling":49,"stat.pickup.minecraft.planks":19,"stat.pickup.minecraft.reeds":52,"stat.pickup.minecraft.wheat_seeds":166,"stat.mineBlock.minecraft.gravel":677,"stat.breakItem.minecraft.stone_axe":5,"stat.useItem.minecraft.stone_pickaxe":105,"stat.useItem.minecraft.stone_sword":308,"stat.damageDealt":7508,"stat.craftItem.minecraft.glass":1,"stat.sleepInBed":21,"stat.mineBlock.minecraft.dirt":588,"stat.craftItem.minecraft.stone_slab":6,"stat.craftItem.minecraft.stone_shovel":5,"stat.walkOneCm":1714826,"stat.useItem.minecraft.torch":214,"stat.animalsBred":42,"stat.useItem.minecraft.chest":5,"stat.useItem.minecraft.log":14,"stat.useItem.minecraft.gravel":709,"stat.mineBlock.minecraft.double_plant":1,"stat.breakItem.minecraft.stone_pickaxe":1,"stat.pickup.minecraft.log":398,"stat.pickup.minecraft.stone":1,"stat.pickup.minecraft.chicken":189,"stat.craftItem.minecraft.hay_block":9,"stat.pickup.minecraft.sapling":119,"stat.pickup.minecraft.wooden_door":3,"stat.pickup.minecraft.apple":7,"stat.breakItem.minecraft.stone_shovel":3,"stat.useItem.minecraft.birch_door":1,"stat.killEntity.Skeleton":4,"stat.craftItem.minecraft.planks":508,"stat.killEntity.Chicken":181,"stat.killEntity.Spider":4,"stat.useItem.minecraft.wooden_pressure_plate":3,"stat.mobKills":208,"stat.mineBlock.minecraft.log":405,"stat.craftItem.minecraft.cooked_chicken":76,"stat.useItem.minecraft.stone_hoe":57,"stat.useItem.minecraft.wooden_door":4,"stat.mineBlock.minecraft.leaves":706,"stat.pickup.minecraft.torch":46,"stat.pickup.minecraft.red_flower":4,"stat.sneakTime":3000,"stat.craftItem.minecraft.coal_block":5,"stat.pickup.minecraft.stone_slab":3,"stat.breakItem.minecraft.stone_sword":2,"stat.mineBlock.minecraft.stone":23}