{"stat.chestOpened":98,"stat.pickup.minecraft.bone":13,"stat.pickup.minecraft.wooden_slab":17,"stat.craftItem.minecraft.ladder":54,"stat.useItem.minecraft.stone":4,"stat.leaveGame":2,"stat.pickup.minecraft.arrow":11,"stat.pickup.minecraft.wooden_pressure_plate":1,"stat.useItem.minecraft.chicken":1,"stat.mineBlock.minecraft.yellow_flower":8,"stat.craftItem.minecraft.wool":4,"stat.craftItem.minecraft.coal":5,"stat.useItem.minecraft.rotten_flesh":8,"stat.jump":1447,"stat.swimOneCm":10210,"stat.pickup.minecraft.coal":68,"stat.fallOneCm":33444,"stat.climbOneCm":94514,"stat.useItem.minecraft.planks":105,"stat.useItem.minecraft.stone_axe":312,"stat.pickup.minecraft.porkchop":12,"stat.crouchOneCm":29713,"stat.craftItem.minecraft.torch":68,"stat.craftItem.minecraft.chest":2,"stat.useItem.minecraft.dirt":360,"stat.pickup.minecraft.dirt":358,"stat.useItem.minecraft.cooked_chicken":6,"stat.craftingTableInteraction":35,"stat.pickup.minecraft.rotten_flesh":12,"stat.pickup.minecraft.sand":2,"stat.mineBlock.minecraft.wooden_pressure_plate":1,"stat.useItem.minecraft.sapling":14,"stat.useItem.minecraft.egg":82,"stat.craftItem.minecraft.stone_axe":3,"stat.damageTaken":2690,"stat.pickup.minecraft.feather":7,"stat.pickup.minecraft.leather":2,"stat.craftItem.minecraft.trapdoor":2,"stat.mineBlock.minecraft.red_flower":9,"stat.craftItem.minecraft.stone_pickaxe":1,"stat.mineBlock.minecraft.torch":2,"stat.killEntity.Enderman":1,"stat.mineBlock.minecraft.sapling":5,"stat.pickup.minecraft.cobblestone":18,"stat.mineBlock.minecraft.wooden_slab":17,"stat.craftItem.minecraft.bow":1,"stat.pickup.minecraft.planks":35,"stat.pickup.minecraft.reeds":4,"stat.useItem.minecraft.stone_shovel":185,"stat.craftItem.minecraft.stone_sword":1,"stat.flyOneCm":45240,"stat.pickup.minecraft.wheat_seeds":54,"stat.mineBlock.minecraft.sand":2,"stat.entityKilledBy.Zombie":1,"stat.drop.minecraft.wheat_seeds":1,"stat.breakItem.minecraft.stone_axe":2,"stat.useItem.minecraft.stone_pickaxe":103,"stat.craftItem.minecraft.wooden_slab":18,"stat.useItem.minecraft.stone_sword":233,"stat.damageDealt":3184,"stat.sleepInBed":9,"stat.craftItem.minecraft.bowl":4,"stat.timeSinceDeath":169,"stat.killEntity.Cow":1,"stat.mineBlock.minecraft.dirt":434,"stat.useItem.minecraft.wooden_slab":36,"stat.killEntity.Pig":5,"stat.pickup.minecraft.mutton":8,"stat.craftItem.minecraft.stone_shovel":1,"stat.craftItem.minecraft.birch_door":3,"stat.walkOneCm":884673,"stat.craftItem.minecraft.bed":1,"stat.useItem.minecraft.torch":35,"stat.useItem.minecraft.bread":1,"stat.animalsBred":12,"stat.useItem.minecraft.chest":2,"stat.pickup.minecraft.stick":6,"stat.useItem.minecraft.cobblestone":11,"stat.furnaceInteraction":10,"stat.mineBlock.minecraft.double_plant":5,"stat.mineBlock.minecraft.coal_ore":68,"stat.breakItem.minecraft.stone_pickaxe":1,"stat.craftItem.minecraft.stone_hoe":1,"stat.pickup.minecraft.log":96,"stat.pickup.minecraft.string":10,"stat.mineBlock.minecraft.ladder":9,"stat.pickup.minecraft.beef":3,"stat.pickup.minecraft.stone":4,"stat.pickup.minecraft.chicken":5,"stat.pickup.minecraft.sapling":14,"stat.pickup.minecraft.ender_pearl":1,"stat.sprintOneCm":211852,"stat.pickup.minecraft.wooden_door":3,"stat.entityKilledBy.Enderman":1,"stat.pickup.minecraft.ladder":25,"stat.pickup.minecraft.apple":2,"stat.useItem.minecraft.glass_pane":2,"stat.craftItem.minecraft.stick":160,"stat.useItem.minecraft.birch_door":2,"stat.killEntity.Skeleton":1,"stat.useItem.minecraft.stone_slab":1,"stat.useItem.minecraft.bed":1,"stat.craftItem.minecraft.planks":256,"stat.killEntity.Chicken":5,"stat.useItem.minecraft.wheat_seeds":1,"stat.killEntity.Spider":3,"stat.mobKills":27,"stat.useItem.minecraft.wooden_pressure_plate":1,"stat.mineBlock.minecraft.log":97,"stat.craftItem.minecraft.wooden_pressure_plate":1,"stat.entityKilledBy.Creeper":1,"stat.craftItem.minecraft.cooked_chicken":8,"stat.useItem.minecraft.stone_hoe":9,"stat.useItem.minecraft.wooden_door":4,"stat.deaths":7,"stat.mineBlock.minecraft.planks":35,"stat.drop":6,"stat.pickup.minecraft.egg":97,"stat.mineBlock.minecraft.leaves":78,"stat.playOneMinute":191575,"stat.pickup.minecraft.birch_door":1,"stat.drop.minecraft.string":5,"stat.pickup.minecraft.torch":2,"stat.killEntity.Sheep":5,"stat.pickup.minecraft.red_flower":8,"stat.useItem.minecraft.ladder":90,"stat.sneakTime":11876,"stat.pickup.minecraft.wool":5,"stat.craftItem.minecraft.coal_block":6,"stat.killEntity.Zombie":3,"stat.pickup.minecraft.yellow_flower":5,"stat.mineBlock.minecraft.stone":24,"stat.mineBlock.minecraft.tallgrass":468,"stat.diveOneCm":16036}