{"stat.chestOpened":4,"stat.useItem.minecraft.bow":6,"stat.killEntity.Skeleton":1,"stat.walkOneCm":40874,"stat.pickup.minecraft.bone":2,"stat.useItem.minecraft.torch":2,"stat.pickup.minecraft.wooden_slab":1,"stat.useItem.minecraft.iron_axe":3,"stat.leaveGame":1,"stat.pickup.minecraft.arrow":1,"stat.damageTaken":20,"stat.mineBlock.minecraft.torch":2,"stat.mineBlock.minecraft.red_flower":1,"stat.mobKills":1,"stat.mineBlock.minecraft.wooden_slab":1,"stat.useItem.minecraft.dye":12,"stat.pickup.minecraft.planks":2,"stat.drop.minecraft.red_flower":1,"stat.mineBlock.minecraft.planks":2,"stat.pickup.minecraft.wheat_seeds":3,"stat.drop":4,"stat.jump":44,"stat.playOneMinute":6946,"stat.fallOneCm":613,"stat.useItem.minecraft.planks":2,"stat.drop.minecraft.wheat_seeds":3,"stat.pickup.minecraft.torch":2,"stat.pickup.minecraft.red_flower":1,"stat.sneakTime":22,"stat.crouchOneCm":200,"stat.timeSinceDeath":6946,"stat.sprintOneCm":20,"stat.useItem.minecraft.wooden_slab":1,"stat.mineBlock.minecraft.tallgrass":5,"stat.useItem.minecraft.cooked_chicken":1}